날짜,요일,시간대,결제자수,결제수,모바일비율(결제건수),결제금액,모바일비율(결제금액),결제당 결제금액,결제상품수량,결제당 상품수량,배송비,쿠폰합계,상품쿠폰,주문쿠폰,환불건수,환불금액,환불비율(결제금액),환불수량,환불비율(결제상품수량)
2024-06-29,토,09시,1,1,1.0,489000,1.0,489000.0,100,100.0,0,1000,1000,0,0,0,0.0,0,0.0
2024-06-27,목,22시,1,1,1.0,126400,1.0,126400.0,26,26.0,0,1000,1000,0,0,0,0.0,0,0.0
2024-06-26,수,14시,1,2,1.0,42000,1.0,21000.0,3,1.5,3000,0,0,0,0,0,0.0,0,0.0
2024-06-26,수,13시,1,1,1.0,27000,1.0,27000.0,2,2.0,3000,1000,1000,0,0,0,0.0,0,0.0
2024-06-25,화,20시,1,1,1.0,959000,1.0,959000.0,100,100.0,0,1000,1000,0,0,0,0.0,0,0.0
2024-06-25,화,15시,1,1,1.0,219500,1.0,219500.0,45,45.0,0,1000,1000,0,0,0,0.0,0,0.0
2024-06-25,화,16시,1,1,1.0,54000,1.0,54000.0,10,10.0,0,0,0,0,0,0,0.0,0,0.0
2024-06-25,화,17시,1,1,1.0,23500,1.0,23500.0,5,5.0,3000,1000,1000,0,0,0,0.0,0,0.0
2024-06-25,화,07시,1,1,1.0,19600,1.0,19600.0,4,4.0,3000,0,0,0,0,0,0.0,0,0.0
2024-06-25,화,22시,1,1,1.0,14000,1.0,14000.0,1,1.0,3000,0,0,0,0,0,0.0,0,0.0
2024-06-24,월,14시,2,4,0.25,1221100,0.03693391204651544,305275.0,249,62.25,3000,0,0,0,1,245000,0.2006387683236426,50,0.20080321285140562
2024-06-24,월,01시,1,1,1.0,139400,1.0,139400.0,26,26.0,0,1000,1000,0,0,0,0.0,0,0.0
2024-06-24,월,07시,1,1,1.0,97000,1.0,97000.0,20,20.0,0,1000,1000,0,0,0,0.0,0,0.0
2024-06-24,월,10시,1,1,1.0,75600,1.0,75600.0,14,14.0,0,0,0,0,0,0,0.0,0,0.0
2024-06-24,월,18시,1,2,1.0,36000,1.0,18000.0,2,1.0,3000,1000,1000,0,0,0,0.0,0,0.0
2024-06-23,일,22시,2,4,1.0,408000,1.0,102000.0,63,15.75,0,1000,1000,0,0,0,0.0,0,0.0
2024-06-23,일,08시,1,1,0.0,269500,0.0,269500.0,55,55.0,0,0,0,0,0,0,0.0,0,0.0
2024-06-23,일,14시,1,1,1.0,170500,1.0,170500.0,35,35.0,0,1000,1000,0,0,0,0.0,0,0.0
2024-06-23,일,15시,1,1,1.0,121500,1.0,121500.0,25,25.0,0,1000,1000,0,0,0,0.0,0,0.0
2024-06-22,토,20시,1,1,1.0,342000,1.0,342000.0,70,70.0,0,1000,1000,0,0,0,0.0,0,0.0
2024-06-21,금,11시,1,1,1.0,269500,1.0,269500.0,55,55.0,0,0,0,0,0,0,0.0,0,0.0
2024-06-21,금,14시,1,1,1.0,101900,1.0,101900.0,21,21.0,0,1000,1000,0,0,0,0.0,0,0.0
2024-06-21,금,10시,1,1,0.0,48000,0.0,48000.0,10,10.0,3000,1000,1000,0,0,0,0.0,0,0.0
2024-06-21,금,20시,0,0,,0,,,0,,0,0,0,0,1,101900,,21,
2024-06-20,목,19시,1,1,1.0,1714000,1.0,1714000.0,350,350.0,0,1000,1000,0,0,0,0.0,0,0.0
2024-06-20,목,09시,1,1,1.0,308700,1.0,308700.0,63,63.0,0,0,0,0,0,0,0.0,0,0.0
2024-06-20,목,10시,1,1,1.0,5400,1.0,5400.0,1,1.0,0,0,0,0,0,0,0.0,0,0.0
2024-06-19,수,13시,1,1,1.0,245000,1.0,245000.0,50,50.0,0,0,0,0,0,0,0.0,0,0.0
2024-06-19,수,23시,1,1,1.0,48000,1.0,48000.0,10,10.0,3000,1000,1000,0,0,0,0.0,0,0.0
2024-06-18,화,17시,1,1,1.0,170500,1.0,170500.0,35,35.0,0,1000,1000,0,0,0,0.0,0,0.0
2024-06-17,월,15시,1,1,1.0,312600,1.0,312600.0,64,64.0,0,1000,1000,0,0,0,0.0,0,0.0
2024-06-17,월,10시,1,1,0.0,294000,0.0,294000.0,60,60.0,0,0,0,0,0,0,0.0,0,0.0
2024-06-17,월,11시,1,1,1.0,49000,1.0,49000.0,10,10.0,3000,0,0,0,0,0,0.0,0,0.0
2024-06-14,금,22시,1,1,1.0,19600,1.0,19600.0,4,4.0,3000,0,0,0,0,0,0.0,0,0.0
2024-06-14,금,23시,0,0,,0,,,0,,0,0,0,0,1,19600,,4,
2024-06-13,목,22시,1,1,1.0,48000,1.0,48000.0,10,10.0,3000,1000,1000,0,0,0,0.0,0,0.0
2024-06-12,수,11시,1,1,1.0,1763000,1.0,1763000.0,360,360.0,0,1000,1000,0,0,0,0.0,0,0.0
2024-06-12,수,16시,1,1,1.0,979000,1.0,979000.0,200,200.0,0,1000,1000,0,0,0,0.0,0,0.0
2024-06-12,수,15시,1,1,1.0,244000,1.0,244000.0,50,50.0,0,1000,1000,0,0,0,0.0,0,0.0
2024-06-12,수,10시,1,2,1.0,195000,1.0,97500.0,40,20.0,0,1000,1000,0,0,0,0.0,0,0.0
2024-06-12,수,13시,1,1,1.0,49000,1.0,49000.0,10,10.0,3000,0,0,0,0,0,0.0,0,0.0
2024-06-12,수,09시,1,1,0.0,10300,0.0,10300.0,2,2.0,0,0,0,0,0,0,0.0,0,0.0
2024-06-11,화,22시,1,1,1.0,62700,1.0,62700.0,13,13.0,3000,1000,1000,0,0,0,0.0,0,0.0
2024-06-11,화,12시,1,2,1.0,46000,1.0,23000.0,2,1.0,0,0,0,0,0,0,0.0,0,0.0
2024-06-10,월,12시,1,2,1.0,637000,1.0,318500.0,130,65.0,0,0,0,0,0,0,0.0,0,0.0
2024-06-10,월,13시,1,1,1.0,392000,1.0,392000.0,80,80.0,0,0,0,0,1,392000,1.0,80,1.0
2024-06-10,월,11시,1,1,1.0,97000,1.0,97000.0,20,20.0,0,1000,1000,0,0,0,0.0,0,0.0
2024-06-10,월,14시,1,2,0.0,71000,0.0,35500.0,4,2.0,0,1000,1000,0,0,0,0.0,0,0.0
2024-06-10,월,19시,1,1,1.0,23000,1.0,23000.0,1,1.0,0,0,0,0,0,0,0.0,0,0.0
2024-06-10,월,16시,1,1,1.0,4900,1.0,4900.0,1,1.0,3000,0,0,0,0,0,0.0,0,0.0
2024-06-09,일,09시,1,1,1.0,49000,1.0,49000.0,10,10.0,3000,0,0,0,0,0,0.0,0,0.0
2024-06-09,일,18시,1,1,1.0,21000,1.0,21000.0,1,1.0,3000,0,0,0,0,0,0.0,0,0.0
2024-06-07,금,09시,1,2,1.0,308700,1.0,154350.0,63,31.5,3000,0,0,0,0,0,0.0,0,0.0
2024-06-07,금,12시,1,1,1.0,107800,1.0,107800.0,22,22.0,0,0,0,0,0,0,0.0,0,0.0
2024-06-07,금,08시,1,1,1.0,73500,1.0,73500.0,15,15.0,0,0,0,0,0,0,0.0,0,0.0
2024-06-06,목,16시,1,1,1.0,296500,1.0,296500.0,65,65.0,0,1000,1000,0,0,0,0.0,0,0.0
2024-06-06,목,21시,1,1,0.0,147000,0.0,147000.0,30,30.0,0,0,0,0,0,0,0.0,0,0.0
2024-06-06,목,11시,1,1,1.0,121500,1.0,121500.0,25,25.0,0,1000,1000,0,0,0,0.0,0,0.0
2024-06-05,수,16시,1,2,1.0,220500,1.0,110250.0,45,22.5,3000,0,0,0,0,0,0.0,0,0.0
2024-06-05,수,11시,1,1,0.0,108000,0.0,108000.0,20,20.0,0,0,0,0,0,0,0.0,0,0.0
2024-06-05,수,15시,1,1,1.0,88200,1.0,88200.0,18,18.0,0,0,0,0,0,0,0.0,0,0.0
2024-06-04,화,09시,1,1,1.0,40000,1.0,40000.0,2,2.0,3000,0,0,0,0,0,0.0,0,0.0
2024-06-03,월,00시,1,1,1.0,670300,1.0,670300.0,137,137.0,0,1000,1000,0,0,0,0.0,0,0.0
2024-06-03,월,10시,2,2,1.0,513500,1.0,256750.0,105,52.5,0,1000,1000,0,0,0,0.0,0,0.0
2024-06-02,일,13시,1,1,1.0,979000,1.0,979000.0,200,200.0,0,1000,1000,0,0,0,0.0,0,0.0
2024-06-02,일,15시,1,1,1.0,440000,1.0,440000.0,90,90.0,0,1000,1000,0,0,0,0.0,0,0.0
2024-06-02,일,17시,1,1,1.0,72500,1.0,72500.0,15,15.0,0,1000,1000,0,0,0,0.0,0,0.0
2024-06-01,토,16시,1,1,0.0,209000,0.0,209000.0,21,21.0,0,1000,1000,0,0,0,0.0,0,0.0
2024-06-01,토,08시,1,1,1.0,59000,1.0,59000.0,3,3.0,3000,1000,1000,0,0,0,0.0,0,0.0
2024-06-01,토,17시,0,0,,0,,,0,,0,0,0,0,1,209000,,21,
2024-05-31,금,11시,1,1,1.0,525000,1.0,525000.0,110,110.0,0,0,0,0,0,0,0.0,0,0.0
2024-05-28,화,13시,1,1,1.0,14700,1.0,14700.0,3,3.0,3000,0,0,0,0,0,0.0,0,0.0
2024-05-27,월,20시,1,1,1.0,139000,1.0,139000.0,50,50.0,0,1000,1000,0,0,0,0.0,0,0.0
2024-05-26,일,20시,1,1,1.0,479000,1.0,479000.0,100,100.0,0,1000,1000,0,0,0,0.0,0,0.0
2024-05-26,일,11시,1,1,1.0,416500,1.0,416500.0,85,85.0,0,0,0,0,0,0,0.0,0,0.0
2024-05-26,일,15시,1,1,1.0,67600,1.0,67600.0,14,14.0,0,1000,1000,0,0,0,0.0,0,0.0
2024-05-24,금,13시,1,1,1.0,480000,1.0,480000.0,100,100.0,0,0,0,0,0,0,0.0,0,0.0
2024-05-24,금,15시,1,1,0.0,146000,0.0,146000.0,30,30.0,0,1000,1000,0,0,0,0.0,0,0.0
2024-05-24,금,10시,2,2,0.5,138200,0.6309696092619392,69100.0,19,9.5,0,1000,1000,0,0,0,0.0,0,0.0
2024-05-24,금,16시,1,1,1.0,114100,1.0,114100.0,21,21.0,0,1000,1000,0,0,0,0.0,0,0.0
2024-05-23,목,23시,1,1,1.0,55000,1.0,55000.0,5,5.0,3000,0,0,0,1,28400,0.5163636363636364,6,1.2
2024-05-23,목,19시,1,1,1.0,40000,1.0,40000.0,2,2.0,3000,0,0,0,0,0,0.0,0,0.0
2024-05-23,목,20시,1,1,1.0,4900,1.0,4900.0,1,1.0,0,0,0,0,0,0,0.0,0,0.0
2024-05-21,화,12시,1,1,1.0,149000,1.0,149000.0,15,15.0,0,1000,1000,0,0,0,0.0,0,0.0
2024-05-21,화,10시,1,1,1.0,22000,1.0,22000.0,2,2.0,3000,0,0,0,0,0,0.0,0,0.0
2024-05-20,월,15시,1,1,1.0,440000,1.0,440000.0,90,90.0,0,1000,1000,0,0,0,0.0,0,0.0
2024-05-20,월,23시,1,1,1.0,28400,1.0,28400.0,6,6.0,3000,1000,1000,0,0,0,0.0,0,0.0
2024-05-19,일,20시,1,1,1.0,479000,1.0,479000.0,100,100.0,0,1000,1000,0,0,0,0.0,0,0.0
2024-05-19,일,21시,1,1,1.0,122000,1.0,122000.0,40,40.0,0,0,0,0,0,0,0.0,0,0.0
2024-05-19,일,11시,1,1,1.0,48000,1.0,48000.0,10,10.0,3000,1000,1000,0,0,0,0.0,0,0.0
2024-05-18,토,14시,1,1,1.0,126400,1.0,126400.0,26,26.0,0,1000,1000,0,0,0,0.0,0,0.0
2024-05-18,토,20시,1,1,1.0,101900,1.0,101900.0,21,21.0,0,1000,1000,0,0,0,0.0,0,0.0
2024-05-17,금,16시,1,1,1.0,2591000,1.0,2591000.0,270,270.0,0,1000,1000,0,0,0,0.0,0,0.0
2024-05-17,금,15시,1,1,0.0,40000,0.0,40000.0,2,2.0,3000,0,0,0,0,0,0.0,0,0.0
2024-05-17,금,13시,1,1,1.0,24500,1.0,24500.0,5,5.0,3000,0,0,0,0,0,0.0,0,0.0
2024-05-16,목,16시,1,4,0.0,188000,0.0,47000.0,4,1.0,12000,0,0,0,0,0,0.0,0,0.0
2024-05-15,수,08시,1,1,1.0,153000,1.0,153000.0,14,14.0,0,1000,1000,0,0,0,0.0,0,0.0
2024-05-15,수,23시,1,1,1.0,36000,1.0,36000.0,1,1.0,0,1000,1000,0,0,0,0.0,0,0.0
2024-05-14,화,16시,1,4,0.0,244600,0.0,61150.0,36,9.0,0,0,0,0,0,0,0.0,0,0.0
2024-05-13,월,13시,1,1,0.0,244000,0.0,244000.0,50,50.0,0,1000,1000,0,0,0,0.0,0,0.0
2024-05-13,월,12시,1,1,1.0,121500,1.0,121500.0,25,25.0,0,1000,1000,0,0,0,0.0,0,0.0
2024-05-13,월,22시,1,1,1.0,82300,1.0,82300.0,17,17.0,0,1000,1000,0,0,0,0.0,0,0.0
2024-05-13,월,09시,1,1,1.0,57800,1.0,57800.0,12,12.0,3000,1000,1000,0,0,0,0.0,0,0.0
2024-05-13,월,11시,1,1,0.0,47000,0.0,47000.0,1,1.0,3000,0,0,0,0,0,0.0,0,0.0
2024-05-11,토,23시,1,2,1.0,489100,1.0,244550.0,113,56.5,0,0,0,0,0,0,0.0,0,0.0
2024-05-11,토,15시,1,1,1.0,42200,1.0,42200.0,8,8.0,3000,1000,1000,0,0,0,0.0,0,0.0
2024-05-11,토,06시,1,2,1.0,9800,1.0,4900.0,2,1.0,0,0,0,0,0,0,0.0,0,0.0
2024-05-10,금,10시,1,1,0.0,49000,0.0,49000.0,10,10.0,3000,0,0,0,0,0,0.0,0,0.0
2024-05-10,금,15시,1,1,1.0,20800,1.0,20800.0,3,3.0,3000,0,0,0,0,0,0.0,0,0.0
2024-05-10,금,00시,1,1,1.0,20000,1.0,20000.0,1,1.0,3000,0,0,0,0,0,0.0,0,0.0
2024-05-09,목,15시,1,1,1.0,322400,1.0,322400.0,66,66.0,0,1000,1000,0,0,0,0.0,0,0.0
2024-05-09,목,07시,1,1,1.0,195000,1.0,195000.0,40,40.0,0,1000,1000,0,0,0,0.0,0,0.0
2024-05-09,목,12시,1,1,0.0,99000,0.0,99000.0,3,3.0,0,0,0,0,0,0,0.0,0,0.0
2024-05-08,수,14시,1,1,0.0,391000,0.0,391000.0,80,80.0,0,1000,1000,0,0,0,0.0,0,0.0
2024-05-08,수,00시,1,1,0.0,342000,0.0,342000.0,70,70.0,0,1000,1000,0,0,0,0.0,0,0.0
2024-05-08,수,21시,1,1,1.0,32000,1.0,32000.0,1,1.0,3000,1000,1000,0,0,0,0.0,0,0.0
2024-05-08,수,09시,1,1,1.0,24500,1.0,24500.0,5,5.0,3000,0,0,0,0,0,0.0,0,0.0
2024-05-08,수,20시,1,1,1.0,23500,1.0,23500.0,5,5.0,3000,1000,1000,0,0,0,0.0,0,0.0
2024-05-07,화,16시,2,3,0.0,554000,0.0,184666.66666666666,93,31.0,6000,0,0,0,0,0,0.0,0,0.0
2024-05-07,화,17시,2,3,0.3333333333333333,241000,0.6099585062240664,80333.33333333333,32,10.666666666666666,6000,0,0,0,0,0,0.0,0,0.0
2024-05-07,화,00시,1,1,0.0,83700,0.0,83700.0,19,19.0,0,1000,1000,0,0,0,0.0,0,0.0
2024-05-07,화,20시,2,3,1.0,50500,1.0,16833.333333333332,11,3.6666666666666665,6000,1000,1000,0,0,0,0.0,0,0.0
2024-05-07,화,19시,1,1,1.0,26900,1.0,26900.0,7,7.0,3000,0,0,0,1,26900,1.0,7,1.0
2024-05-06,월,11시,1,1,1.0,529000,1.0,529000.0,23,23.0,0,0,0,0,1,690000,1.3043478260869565,30,1.3043478260869565
2024-05-06,월,12시,1,1,1.0,527000,1.0,527000.0,110,110.0,0,1000,1000,0,0,0,0.0,0,0.0
2024-05-06,월,16시,1,1,1.0,111000,1.0,111000.0,3,3.0,0,0,0,0,0,0,0.0,0,0.0
2024-05-05,일,11시,1,1,1.0,690000,1.0,690000.0,30,30.0,0,0,0,0,0,0,0.0,0,0.0
2024-05-05,일,16시,1,1,1.0,219500,1.0,219500.0,45,45.0,0,1000,1000,0,0,0,0.0,0,0.0
2024-05-05,일,14시,1,1,1.0,146000,1.0,146000.0,30,30.0,0,1000,1000,0,0,0,0.0,0,0.0
2024-05-05,일,17시,1,1,1.0,28000,1.0,28000.0,2,2.0,3000,0,0,0,0,0,0.0,0,0.0
2024-05-04,토,08시,1,1,1.0,810000,1.0,810000.0,30,30.0,0,0,0,0,0,0,0.0,0,0.0
2024-05-04,토,16시,1,1,1.0,293000,1.0,293000.0,60,60.0,0,1000,1000,0,0,0,0.0,0,0.0
2024-05-04,토,23시,1,1,1.0,106000,1.0,106000.0,5,5.0,0,0,0,0,0,0,0.0,0,0.0
2024-05-04,토,13시,1,2,1.0,75000,1.0,37500.0,8,4.0,0,1000,1000,0,0,0,0.0,0,0.0
2024-05-03,금,00시,1,1,1.0,49000,1.0,49000.0,10,10.0,3000,0,0,0,0,0,0.0,0,0.0
2024-05-03,금,09시,1,1,1.0,22000,1.0,22000.0,1,1.0,0,0,0,0,0,0,0.0,0,0.0
2024-05-03,금,18시,1,1,1.0,4900,1.0,4900.0,1,1.0,0,0,0,0,0,0,0.0,0,0.0
2024-05-02,목,16시,1,1,0.0,500000,0.0,500000.0,130,130.0,0,1000,1000,0,0,0,0.0,0,0.0
2024-05-02,목,11시,1,1,0.0,98000,0.0,98000.0,20,20.0,0,0,0,0,0,0,0.0,0,0.0
2024-05-02,목,15시,1,1,1.0,65000,1.0,65000.0,3,3.0,3000,1000,1000,0,0,0,0.0,0,0.0
2024-05-01,수,13시,2,2,1.0,313000,1.0,156500.0,61,30.5,3000,1000,1000,0,0,0,0.0,0,0.0
2024-05-01,수,11시,1,1,1.0,294000,1.0,294000.0,60,60.0,0,0,0,0,0,0,0.0,0,0.0
2024-05-01,수,14시,1,1,1.0,97000,1.0,97000.0,20,20.0,0,1000,1000,0,0,0,0.0,0,0.0
2024-04-30,화,10시,1,1,1.0,19600,1.0,19600.0,4,4.0,3000,0,0,0,0,0,0.0,0,0.0
2024-04-29,월,17시,1,1,1.0,949000,1.0,949000.0,200,200.0,0,1000,1000,0,0,0,0.0,0,0.0
2024-04-29,월,15시,1,1,0.0,50000,0.0,50000.0,5,5.0,3000,0,0,0,0,0,0.0,0,0.0
2024-04-28,일,21시,1,1,1.0,268500,1.0,268500.0,55,55.0,0,1000,1000,0,0,0,0.0,0,0.0
2024-04-27,토,11시,1,1,0.0,20000,0.0,20000.0,1,1.0,3000,0,0,0,0,0,0.0,0,0.0
2024-04-26,금,10시,1,1,1.0,245000,1.0,245000.0,50,50.0,0,0,0,0,0,0,0.0,0,0.0
2024-04-25,목,18시,1,1,1.0,48000,1.0,48000.0,10,10.0,3000,1000,1000,0,0,0,0.0,0,0.0
2024-04-24,수,12시,1,1,1.0,719000,1.0,719000.0,150,150.0,0,1000,1000,0,0,0,0.0,0,0.0
2024-04-24,수,19시,1,1,1.0,195000,1.0,195000.0,40,40.0,0,1000,1000,0,0,0,0.0,0,0.0
2024-04-24,수,18시,1,1,1.0,4900,1.0,4900.0,1,1.0,3000,0,0,0,0,0,0.0,0,0.0
2024-04-23,화,19시,1,1,1.0,575000,1.0,575000.0,120,120.0,0,1000,1000,0,0,0,0.0,0,0.0
2024-04-23,화,10시,1,1,1.0,385000,1.0,385000.0,35,35.0,0,0,0,0,1,385000,1.0,35,1.0
2024-04-23,화,11시,1,1,1.0,385000,1.0,385000.0,35,35.0,0,0,0,0,0,0,0.0,0,0.0
2024-04-23,화,12시,1,2,1.0,76000,1.0,38000.0,5,2.5,0,1000,1000,0,0,0,0.0,0,0.0
2024-04-23,화,21시,1,1,1.0,20000,1.0,20000.0,1,1.0,3000,0,0,0,0,0,0.0,0,0.0
2024-04-22,월,12시,1,1,1.0,575000,1.0,575000.0,120,120.0,0,1000,1000,0,0,0,0.0,0,0.0
2024-04-22,월,20시,2,2,1.0,206000,1.0,103000.0,41,20.5,0,1000,1000,0,0,0,0.0,0,0.0
2024-04-22,월,08시,1,1,1.0,87200,1.0,87200.0,18,18.0,0,1000,1000,0,0,0,0.0,0,0.0
2024-04-22,월,19시,1,1,1.0,24500,1.0,24500.0,5,5.0,0,0,0,0,0,0,0.0,0,0.0
2024-04-21,일,18시,1,1,1.0,126400,1.0,126400.0,26,26.0,0,1000,1000,0,0,0,0.0,0,0.0
2024-04-21,일,13시,1,2,1.0,62000,1.0,31000.0,3,1.5,12000,0,0,0,1,21000,0.3387096774193548,1,0.3333333333333333
2024-04-21,일,16시,1,1,1.0,27000,1.0,27000.0,2,2.0,3000,1000,1000,0,0,0,0.0,0,0.0
2024-04-21,일,11시,1,1,1.0,20600,1.0,20600.0,4,4.0,0,1000,1000,0,0,0,0.0,0,0.0
2024-04-20,토,14시,1,1,1.0,220500,1.0,220500.0,45,45.0,0,0,0,0,0,0,0.0,0,0.0
2024-04-20,토,10시,1,1,0.0,21000,0.0,21000.0,1,1.0,3000,0,0,0,0,0,0.0,0,0.0
2024-04-19,금,11시,1,1,1.0,97000,1.0,97000.0,20,20.0,0,1000,1000,0,0,0,0.0,0,0.0
2024-04-19,금,17시,1,1,1.0,62700,1.0,62700.0,13,13.0,3000,1000,1000,0,0,0,0.0,0,0.0
2024-04-19,금,21시,1,1,1.0,32000,1.0,32000.0,1,1.0,3000,1000,1000,0,0,0,0.0,0,0.0
2024-04-19,금,00시,1,1,1.0,24500,1.0,24500.0,5,5.0,3000,0,0,0,0,0,0.0,0,0.0
2024-04-17,수,02시,2,2,1.0,528000,1.0,264000.0,110,55.0,3000,1000,1000,0,0,0,0.0,0,0.0
2024-04-17,수,13시,1,1,0.0,527000,0.0,527000.0,110,110.0,0,1000,1000,0,0,0,0.0,0,0.0
2024-04-17,수,04시,1,1,1.0,372400,1.0,372400.0,76,76.0,0,0,0,0,0,0,0.0,0,0.0
2024-04-17,수,20시,1,1,1.0,137200,1.0,137200.0,28,28.0,0,0,0,0,0,0,0.0,0,0.0
2024-04-15,월,19시,1,1,0.0,767000,0.0,767000.0,160,160.0,0,1000,1000,0,0,0,0.0,0,0.0
2024-04-14,일,19시,1,2,1.0,100400,1.0,50200.0,18,9.0,0,1000,1000,0,0,0,0.0,0,0.0
2024-04-12,금,18시,1,2,1.0,566000,1.0,283000.0,51,25.5,0,1000,1000,0,0,0,0.0,0,0.0
2024-04-12,금,10시,1,1,1.0,20000,1.0,20000.0,1,1.0,0,0,0,0,0,0,0.0,0,0.0
2024-04-11,목,07시,1,1,1.0,415500,1.0,415500.0,85,85.0,0,1000,1000,0,0,0,0.0,0,0.0
2024-04-11,목,12시,1,1,0.0,330000,0.0,330000.0,10,10.0,0,0,0,0,0,0,0.0,0,0.0
2024-04-10,수,23시,1,1,1.0,270000,1.0,270000.0,50,50.0,0,0,0,0,0,0,0.0,0,0.0
2024-04-10,수,09시,1,1,1.0,199900,1.0,199900.0,41,41.0,0,1000,1000,0,0,0,0.0,0,0.0
2024-04-10,수,22시,1,1,1.0,149500,1.0,149500.0,35,35.0,0,1000,1000,0,0,0,0.0,0,0.0
2024-04-10,수,16시,1,1,1.0,72500,1.0,72500.0,15,15.0,0,1000,1000,0,0,0,0.0,0,0.0
2024-04-09,화,13시,1,1,1.0,719000,1.0,719000.0,150,150.0,0,1000,1000,0,0,0,0.0,0,0.0
2024-04-08,월,22시,2,2,1.0,1495000,1.0,747500.0,230,115.0,0,1000,1000,0,0,0,0.0,0,0.0
2024-04-08,월,21시,1,1,1.0,485000,1.0,485000.0,50,50.0,0,0,0,0,1,485000,1.0,50,1.0
2024-04-08,월,10시,1,1,0.0,94000,0.0,94000.0,2,2.0,0,0,0,0,0,0,0.0,0,0.0
2024-04-08,월,14시,1,1,0.0,40000,0.0,40000.0,2,2.0,3000,0,0,0,0,0,0.0,0,0.0
2024-04-08,월,15시,1,1,0.0,4900,0.0,4900.0,1,1.0,0,0,0,0,0,0,0.0,0,0.0
2024-04-07,일,19시,1,1,1.0,28400,1.0,28400.0,6,6.0,3000,1000,1000,0,0,0,0.0,0,0.0
2024-04-07,일,17시,1,1,0.0,21000,0.0,21000.0,1,1.0,3000,0,0,0,0,0,0.0,0,0.0
2024-04-06,토,18시,1,1,1.0,10400,1.0,10400.0,2,2.0,0,0,0,0,0,0,0.0,0,0.0
2024-04-05,금,14시,2,2,0.5,9800,0.5,4900.0,2,1.0,0,0,0,0,0,0,0.0,0,0.0
2024-04-04,목,08시,1,2,1.0,733000,1.0,366500.0,150,75.0,0,2000,2000,0,1,342000,0.4665757162346521,70,0.4666666666666667
2024-04-04,목,00시,2,3,1.0,229700,1.0,76566.66666666667,73,24.333333333333332,6000,2000,2000,0,1,28400,0.12363952982150632,6,0.0821917808219178
2024-04-04,목,09시,1,1,1.0,38200,1.0,38200.0,8,8.0,3000,1000,1000,0,0,0,0.0,0,0.0
2024-04-04,목,11시,0,0,,0,,,0,,0,0,0,0,1,33300,,7,
2024-04-03,수,20시,1,1,1.0,46000,1.0,46000.0,1,1.0,0,1000,1000,0,0,0,0.0,0,0.0
2024-04-03,수,22시,1,2,1.0,34000,1.0,17000.0,2,1.0,3000,0,0,0,0,0,0.0,0,0.0
2024-04-02,화,18시,1,2,1.0,111700,1.0,55850.0,23,11.5,6000,1000,1000,0,0,0,0.0,0,0.0
2024-04-02,화,13시,1,1,1.0,11000,1.0,11000.0,1,1.0,3000,0,0,0,0,0,0.0,0,0.0
2024-04-01,월,14시,1,1,0.0,40000,0.0,40000.0,2,2.0,3000,0,0,0,0,0,0.0,0,0.0
2024-04-01,월,19시,1,1,1.0,32000,1.0,32000.0,1,1.0,3000,1000,1000,0,0,0,0.0,0,0.0
2024-04-01,월,09시,1,1,1.0,20000,1.0,20000.0,1,1.0,3000,0,0,0,0,0,0.0,0,0.0
2024-03-31,일,16시,1,1,1.0,575000,1.0,575000.0,120,120.0,0,1000,1000,0,0,0,0.0,0,0.0
2024-03-30,토,17시,1,1,0.0,479000,0.0,479000.0,100,100.0,0,1000,1000,0,0,0,0.0,0,0.0
2024-03-30,토,19시,1,1,1.0,28400,1.0,28400.0,6,6.0,3000,1000,1000,0,0,0,0.0,0,0.0
2024-03-29,금,14시,1,1,1.0,391000,1.0,391000.0,80,80.0,0,1000,1000,0,0,0,0.0,0,0.0
2024-03-29,금,12시,1,1,1.0,239000,1.0,239000.0,12,12.0,0,1000,1000,0,0,0,0.0,0,0.0
2024-03-29,금,08시,2,2,1.0,40000,1.0,20000.0,2,1.0,3000,0,0,0,0,0,0.0,0,0.0
2024-03-28,목,21시,1,1,1.0,48000,1.0,48000.0,10,10.0,3000,1000,1000,0,0,0,0.0,0,0.0
2024-03-28,목,15시,1,1,0.0,43100,0.0,43100.0,9,9.0,3000,1000,1000,0,0,0,0.0,0,0.0
2024-03-28,목,16시,1,1,1.0,39200,1.0,39200.0,8,8.0,3000,0,0,0,0,0,0.0,0,0.0
2024-03-27,수,16시,1,1,0.0,44100,0.0,44100.0,9,9.0,3000,0,0,0,0,0,0.0,0,0.0
2024-03-25,월,13시,1,1,1.0,27000,1.0,27000.0,1,1.0,3000,0,0,0,0,0,0.0,0,0.0
2024-03-24,일,14시,2,2,0.0,796500,0.0,398250.0,165,82.5,0,0,0,0,0,0,0.0,0,0.0
2024-03-22,금,00시,1,1,1.0,106800,1.0,106800.0,22,22.0,0,1000,1000,0,0,0,0.0,0,0.0
2024-03-21,목,10시,1,1,1.0,195000,1.0,195000.0,40,40.0,0,1000,1000,0,0,0,0.0,0,0.0
2024-03-21,목,08시,1,1,0.0,14700,0.0,14700.0,3,3.0,3000,0,0,0,0,0,0.0,0,0.0
2024-03-20,수,15시,1,1,1.0,122500,1.0,122500.0,25,25.0,0,0,0,0,0,0,0.0,0,0.0
2024-03-19,화,20시,1,1,1.0,65000,1.0,65000.0,2,2.0,3000,1000,1000,0,0,0,0.0,0,0.0
2024-03-19,화,07시,1,1,1.0,41000,1.0,41000.0,3,3.0,3000,1000,1000,0,0,0,0.0,0,0.0
2024-03-19,화,18시,1,1,1.0,20000,1.0,20000.0,1,1.0,3000,0,0,0,0,0,0.0,0,0.0
2024-03-18,월,17시,1,1,1.0,574000,1.0,574000.0,25,25.0,0,1000,1000,0,0,0,0.0,0,0.0
2024-03-18,월,22시,1,1,1.0,542200,1.0,542200.0,56,56.0,0,1000,1000,0,0,0,0.0,0,0.0
2024-03-18,월,00시,1,1,1.0,36000,1.0,36000.0,1,1.0,3000,1000,1000,0,0,0,0.0,0,0.0
2024-03-18,월,18시,1,1,0.0,14000,0.0,14000.0,1,1.0,3000,0,0,0,0,0,0.0,0,0.0
2024-03-18,월,10시,0,0,,0,,,0,,0,0,0,0,1,356700,,73,
2024-03-17,일,15시,1,1,1.0,149000,1.0,149000.0,15,15.0,0,1000,1000,0,0,0,0.0,0,0.0
2024-03-16,토,20시,1,1,1.0,356700,1.0,356700.0,73,73.0,0,1000,1000,0,0,0,0.0,0,0.0
2024-03-16,토,08시,1,1,0.0,293000,0.0,293000.0,60,60.0,0,1000,1000,0,0,0,0.0,0,0.0
2024-03-16,토,13시,1,1,1.0,3500,1.0,3500.0,1,1.0,0,0,0,0,0,0,0.0,0,0.0
2024-03-16,토,19시,1,1,1.0,3500,1.0,3500.0,1,1.0,0,0,0,0,0,0,0.0,0,0.0
2024-03-15,금,09시,1,1,1.0,49000,1.0,49000.0,5,5.0,0,1000,1000,0,0,0,0.0,0,0.0
2024-03-15,금,16시,1,2,1.0,41300,1.0,20650.0,8,4.0,0,0,0,0,0,0,0.0,0,0.0
2024-03-15,금,08시,1,1,1.0,10500,1.0,10500.0,3,3.0,0,0,0,0,0,0,0.0,0,0.0
2024-03-15,금,14시,1,1,1.0,3500,1.0,3500.0,1,1.0,0,0,0,0,0,0,0.0,0,0.0
2024-03-14,목,19시,3,3,0.3333333333333333,23500,0.7021276595744681,7833.333333333333,7,2.3333333333333335,0,1000,1000,0,0,0,0.0,0,0.0
2024-03-14,목,17시,2,2,1.0,14000,1.0,7000.0,4,2.0,0,0,0,0,0,0,0.0,0,0.0
2024-03-14,목,18시,3,4,1.0,14000,1.0,3500.0,4,1.0,3000,0,0,0,1,3500,0.25,1,0.25
2024-03-13,수,18시,1,2,1.0,107200,1.0,53600.0,14,7.0,0,0,0,0,0,0,0.0,0,0.0
2024-03-12,화,10시,1,1,1.0,1186500,1.0,1186500.0,250,250.0,0,1000,1000,0,0,0,0.0,0,0.0
2024-03-11,월,17시,1,1,1.0,121500,1.0,121500.0,25,25.0,0,1000,1000,0,0,0,0.0,0,0.0
2024-03-11,월,20시,1,1,1.0,20000,1.0,20000.0,1,1.0,3000,0,0,0,0,0,0.0,0,0.0
2024-03-11,월,06시,0,0,,0,,,0,,0,0,0,0,1,14000,,1,
2024-03-10,일,17시,1,1,1.0,440000,1.0,440000.0,90,90.0,0,1000,1000,0,0,0,0.0,0,0.0
2024-03-10,일,20시,1,1,1.0,18600,1.0,18600.0,4,4.0,3000,1000,1000,0,0,0,0.0,0,0.0
2024-03-10,일,19시,1,1,0.0,14000,0.0,14000.0,1,1.0,3000,0,0,0,0,0,0.0,0,0.0
2024-03-09,토,09시,1,1,1.0,146000,1.0,146000.0,30,30.0,0,1000,1000,0,0,0,0.0,0,0.0
2024-03-08,금,10시,2,2,0.5,72000,0.5416666666666666,36000.0,3,1.5,3000,1000,1000,0,0,0,0.0,0,0.0
2024-03-08,금,14시,1,1,1.0,24500,1.0,24500.0,5,5.0,3000,0,0,0,0,0,0.0,0,0.0
2024-03-08,금,11시,1,1,0.0,10000,0.0,10000.0,1,1.0,0,0,0,0,0,0,0.0,0,0.0
2024-03-07,목,17시,1,1,1.0,77400,1.0,77400.0,16,16.0,0,1000,1000,0,0,0,0.0,0,0.0
2024-03-07,목,23시,1,1,1.0,20000,1.0,20000.0,1,1.0,3000,0,0,0,0,0,0.0,0,0.0
2024-03-06,수,13시,2,2,1.0,171500,1.0,85750.0,35,17.5,3000,0,0,0,1,19600,0.11428571428571428,4,0.11428571428571428
2024-03-06,수,14시,1,1,1.0,98000,1.0,98000.0,20,20.0,0,0,0,0,0,0,0.0,0,0.0
2024-03-06,수,07시,1,1,1.0,37000,1.0,37000.0,1,1.0,3000,0,0,0,0,0,0.0,0,0.0
2024-03-06,수,12시,1,1,1.0,19600,1.0,19600.0,4,4.0,3000,0,0,0,0,0,0.0,0,0.0
2024-03-04,월,11시,1,1,1.0,549000,1.0,549000.0,150,150.0,0,1000,1000,0,0,0,0.0,0,0.0
2024-03-04,월,20시,1,1,0.0,102900,0.0,102900.0,21,21.0,0,0,0,0,0,0,0.0,0,0.0
2024-03-04,월,17시,1,1,1.0,48000,1.0,48000.0,10,10.0,3000,1000,1000,0,0,0,0.0,0,0.0
2024-03-04,월,08시,1,1,1.0,41000,1.0,41000.0,3,3.0,3000,1000,1000,0,0,0,0.0,0,0.0
2024-03-04,월,14시,1,1,1.0,33600,1.0,33600.0,12,12.0,3000,0,0,0,0,0,0.0,0,0.0
2024-03-02,토,14시,1,1,1.0,719000,1.0,719000.0,150,150.0,0,1000,1000,0,1,719000,1.0,150,1.0
2024-03-02,토,21시,1,1,1.0,122500,1.0,122500.0,25,25.0,0,0,0,0,0,0,0.0,0,0.0
2024-03-01,금,18시,1,1,1.0,294000,1.0,294000.0,60,60.0,0,0,0,0,0,0,0.0,0,0.0
2024-03-01,금,13시,1,1,1.0,19000,1.0,19000.0,2,2.0,3000,1000,1000,0,0,0,0.0,0,0.0
2024-02-29,목,11시,1,1,0.0,195000,0.0,195000.0,40,40.0,0,1000,1000,0,0,0,0.0,0,0.0
2024-02-29,목,23시,1,1,1.0,21000,1.0,21000.0,1,1.0,3000,0,0,0,0,0,0.0,0,0.0
2024-02-28,수,10시,2,3,1.0,245000,1.0,81666.66666666667,44,14.666666666666666,3000,1000,1000,0,0,0,0.0,0,0.0
2024-02-28,수,12시,3,4,0.75,185900,0.741796664873588,46475.0,37,9.25,3000,2000,2000,0,0,0,0.0,0,0.0
2024-02-28,수,20시,1,2,1.0,42000,1.0,21000.0,2,1.0,3000,1000,1000,0,0,0,0.0,0,0.0
2024-02-27,화,10시,1,1,1.0,170500,1.0,170500.0,35,35.0,0,1000,1000,0,1,170500,1.0,35,1.0
2024-02-27,화,20시,1,1,1.0,40000,1.0,40000.0,2,2.0,3000,0,0,0,0,0,0.0,0,0.0
2024-02-27,화,18시,1,2,1.0,26900,1.0,13450.0,2,1.0,0,0,0,0,0,0,0.0,0,0.0
2024-02-26,월,17시,1,1,1.0,479000,1.0,479000.0,100,100.0,0,1000,1000,0,0,0,0.0,0,0.0
2024-02-26,월,22시,1,1,1.0,68000,1.0,68000.0,3,3.0,0,1000,1000,0,0,0,0.0,0,0.0
2024-02-26,월,21시,1,1,1.0,32000,1.0,32000.0,1,1.0,3000,1000,1000,0,0,0,0.0,0,0.0
2024-02-25,일,19시,1,1,1.0,204400,1.0,204400.0,46,46.0,0,0,0,0,0,0,0.0,0,0.0
2024-02-24,토,19시,1,1,1.0,230000,1.0,230000.0,7,7.0,0,1000,1000,0,0,0,0.0,0,0.0
2024-02-23,금,23시,1,1,1.0,229300,1.0,229300.0,47,47.0,0,1000,1000,0,0,0,0.0,0,0.0
2024-02-23,금,14시,1,1,1.0,49400,1.0,49400.0,18,18.0,3000,1000,1000,0,0,0,0.0,0,0.0
2024-02-23,금,09시,1,1,0.0,41000,0.0,41000.0,3,3.0,3000,1000,1000,0,0,0,0.0,0,0.0
2024-02-22,목,12시,1,1,1.0,196000,1.0,196000.0,40,40.0,0,0,0,0,0,0,0.0,0,0.0
2024-02-22,목,15시,1,1,1.0,84000,1.0,84000.0,18,18.0,0,0,0,0,0,0,0.0,0,0.0
2024-02-22,목,13시,1,1,1.0,68600,1.0,68600.0,14,14.0,0,0,0,0,0,0,0.0,0,0.0
2024-02-21,수,11시,1,1,1.0,244000,1.0,244000.0,50,50.0,0,1000,1000,0,0,0,0.0,0,0.0
2024-02-21,수,08시,1,1,1.0,48000,1.0,48000.0,10,10.0,0,0,0,0,0,0,0.0,0,0.0
2024-02-21,수,12시,1,1,1.0,28000,1.0,28000.0,2,2.0,3000,0,0,0,0,0,0.0,0,0.0
2024-02-19,월,12시,1,1,1.0,78000,1.0,78000.0,3,3.0,0,0,0,0,0,0,0.0,0,0.0
2024-02-19,월,17시,1,1,1.0,52900,1.0,52900.0,11,11.0,3000,1000,1000,0,0,0,0.0,0,0.0
2024-02-18,일,15시,1,1,1.0,480000,1.0,480000.0,100,100.0,0,0,0,0,0,0,0.0,0,0.0
2024-02-18,일,11시,1,1,1.0,146000,1.0,146000.0,30,30.0,0,1000,1000,0,0,0,0.0,0,0.0
2024-02-18,일,16시,1,1,1.0,57800,1.0,57800.0,12,12.0,3000,1000,1000,0,0,0,0.0,0,0.0
2024-02-16,금,13시,1,1,0.0,92000,0.0,92000.0,4,4.0,0,0,0,0,0,0,0.0,0,0.0
2024-02-14,수,10시,1,3,1.0,160500,1.0,53500.0,17,5.666666666666667,0,1000,1000,0,0,0,0.0,0,0.0
2024-02-14,수,11시,1,1,1.0,32000,1.0,32000.0,1,1.0,3000,1000,1000,0,1,45000,1.40625,1,1.0
2024-02-13,화,11시,1,1,1.0,949000,1.0,949000.0,200,200.0,0,1000,1000,0,0,0,0.0,0,0.0
2024-02-13,화,13시,1,1,0.0,248400,0.0,248400.0,59,59.0,0,0,0,0,0,0,0.0,0,0.0
2024-02-13,화,17시,1,1,1.0,101900,1.0,101900.0,21,21.0,0,1000,1000,0,0,0,0.0,0,0.0
2024-02-13,화,18시,1,1,0.0,14000,0.0,14000.0,1,1.0,3000,0,0,0,0,0,0.0,0,0.0
2024-02-13,화,14시,1,1,0.0,11000,0.0,11000.0,3,3.0,0,0,0,0,0,0,0.0,0,0.0
2024-02-10,토,21시,1,1,1.0,45000,1.0,45000.0,1,1.0,0,0,0,0,0,0,0.0,0,0.0
2024-02-10,토,18시,1,2,1.0,24000,1.0,12000.0,2,1.0,0,0,0,0,0,0,0.0,0,0.0
2024-02-07,수,22시,1,1,1.0,120000,1.0,120000.0,33,33.0,0,1000,1000,0,0,0,0.0,0,0.0
2024-02-07,수,18시,2,2,1.0,64000,1.0,32000.0,2,1.0,0,2000,2000,0,0,0,0.0,0,0.0
2024-02-07,수,14시,1,1,0.0,23000,0.0,23000.0,1,1.0,3000,0,0,0,0,0,0.0,0,0.0
2024-02-06,화,15시,1,1,1.0,37000,1.0,37000.0,1,1.0,3000,0,0,0,0,0,0.0,0,0.0
2024-02-06,화,10시,1,1,1.0,4900,1.0,4900.0,1,1.0,3000,0,0,0,0,0,0.0,0,0.0
2024-02-05,월,20시,1,1,1.0,147000,1.0,147000.0,30,30.0,0,0,0,0,0,0,0.0,0,0.0
2024-02-05,월,00시,1,1,1.0,58800,1.0,58800.0,12,12.0,3000,0,0,0,0,0,0.0,0,0.0
2024-02-05,월,14시,1,2,1.0,52000,1.0,26000.0,2,1.0,3000,1000,1000,0,0,0,0.0,0,0.0
2024-02-05,월,12시,1,1,1.0,36000,1.0,36000.0,1,1.0,0,1000,1000,0,0,0,0.0,0,0.0
2024-02-05,월,11시,1,1,1.0,24500,1.0,24500.0,5,5.0,3000,0,0,0,0,0,0.0,0,0.0
2024-02-04,일,15시,1,1,1.0,134000,1.0,134000.0,3,3.0,0,1000,1000,0,0,0,0.0,0,0.0
2024-02-03,토,20시,1,1,0.0,297000,0.0,297000.0,9,9.0,0,0,0,0,0,0,0.0,0,0.0
2024-02-03,토,01시,1,1,1.0,196000,1.0,196000.0,40,40.0,0,0,0,0,0,0,0.0,0,0.0
2024-02-03,토,13시,1,1,1.0,38200,1.0,38200.0,8,8.0,3000,1000,1000,0,0,0,0.0,0,0.0
2024-02-03,토,11시,1,1,1.0,10000,1.0,10000.0,1,1.0,0,0,0,0,0,0,0.0,0,0.0
2024-02-03,토,15시,0,0,,0,,,0,,0,0,0,0,1,196000,,40,
2024-02-02,금,20시,2,2,0.5,151900,0.6774193548387096,75950.0,22,11.0,3000,0,0,0,0,0,0.0,0,0.0
2024-02-02,금,19시,1,2,1.0,141000,1.0,70500.0,5,2.5,0,0,0,0,0,0,0.0,0,0.0
2024-02-02,금,11시,1,3,0.0,81000,0.0,27000.0,3,1.0,9000,0,0,0,0,0,0.0,0,0.0
2024-02-02,금,21시,1,1,1.0,65100,1.0,65100.0,15,15.0,3000,0,0,0,0,0,0.0,0,0.0
2024-02-02,금,17시,1,3,1.0,38400,1.0,12800.0,3,1.0,3000,0,0,0,0,0,0.0,0,0.0
2024-02-02,금,10시,1,1,1.0,36000,1.0,36000.0,1,1.0,3000,1000,1000,0,0,0,0.0,0,0.0
2024-02-02,금,15시,1,1,1.0,26000,1.0,26000.0,1,1.0,3000,0,0,0,0,0,0.0,0,0.0
2024-02-01,목,13시,3,9,0.7777777777777778,964000,0.23858921161825727,107111.11111111111,39,4.333333333333333,21000,1000,1000,0,0,0,0.0,0,0.0
2024-02-01,목,18시,2,2,0.5,182500,0.06027397260273973,91250.0,36,18.0,0,0,0,0,0,0,0.0,0,0.0
2024-02-01,목,10시,2,2,0.5,100500,0.7313432835820896,50250.0,16,8.0,0,0,0,0,1,73500,0.7313432835820896,15,0.9375
2024-02-01,목,11시,1,1,1.0,67600,1.0,67600.0,14,14.0,0,1000,1000,0,1,67600,1.0,14,1.0
2024-02-01,목,15시,1,1,1.0,66000,1.0,66000.0,2,2.0,3000,0,0,0,0,0,0.0,0,0.0
2024-02-01,목,22시,1,2,1.0,61000,1.0,30500.0,4,2.0,0,1000,1000,0,0,0,0.0,0,0.0
2024-02-01,목,20시,2,2,1.0,38400,1.0,19200.0,7,3.5,3000,1000,1000,0,0,0,0.0,0,0.0
2024-02-01,목,17시,1,1,1.0,33000,1.0,33000.0,1,1.0,3000,0,0,0,1,32000,0.9696969696969697,1,1.0
2024-02-01,목,19시,0,0,,0,,,0,,0,0,0,0,1,171500,,35,
2024-01-31,수,21시,1,2,1.0,45000,1.0,22500.0,2,1.0,6000,1000,1000,0,0,0,0.0,0,0.0
2024-01-31,수,23시,1,1,1.0,39000,1.0,39000.0,2,2.0,3000,1000,1000,0,0,0,0.0,0,0.0
2024-01-31,수,10시,1,1,0.0,23500,0.0,23500.0,5,5.0,3000,1000,1000,0,0,0,0.0,0,0.0
2024-01-30,화,13시,1,1,1.0,99000,1.0,99000.0,3,3.0,0,0,0,0,0,0,0.0,0,0.0
2024-01-30,화,07시,1,1,0.0,79000,0.0,79000.0,8,8.0,0,1000,1000,0,0,0,0.0,0,0.0
2024-01-30,화,20시,1,2,1.0,75400,1.0,37700.0,13,6.5,0,1000,1000,0,0,0,0.0,0,0.0
2024-01-30,화,09시,1,1,1.0,43000,1.0,43000.0,2,2.0,3000,0,0,0,0,0,0.0,0,0.0
2024-01-29,월,11시,1,2,1.0,280000,1.0,140000.0,11,5.5,0,1000,1000,0,0,0,0.0,0,0.0
2024-01-29,월,10시,1,2,1.0,232000,1.0,116000.0,5,2.5,0,1000,1000,0,0,0,0.0,0,0.0
2024-01-29,월,13시,2,2,0.5,63000,0.7777777777777778,31500.0,6,3.0,0,1000,1000,0,0,0,0.0,0,0.0
2024-01-29,월,07시,1,1,1.0,48000,1.0,48000.0,10,10.0,3000,1000,1000,0,0,0,0.0,0,0.0
2024-01-29,월,19시,1,1,0.0,46000,0.0,46000.0,2,2.0,3000,0,0,0,0,0,0.0,0,0.0
2024-01-28,일,15시,1,1,1.0,245000,1.0,245000.0,50,50.0,0,0,0,0,0,0,0.0,0,0.0
2024-01-28,일,11시,1,1,1.0,48000,1.0,48000.0,10,10.0,3000,1000,1000,0,0,0,0.0,0,0.0
2024-01-28,일,17시,1,1,1.0,29000,1.0,29000.0,3,3.0,3000,1000,1000,0,0,0,0.0,0,0.0
2024-01-28,일,13시,0,0,,0,,,0,,0,0,0,0,1,48000,,10,
2024-01-28,일,16시,0,0,,0,,,0,,0,0,0,0,2,80000,,5,
2024-01-27,토,14시,1,1,1.0,49000,1.0,49000.0,10,10.0,3000,0,0,0,0,0,0.0,0,0.0
2024-01-26,금,01시,1,1,1.0,181300,1.0,181300.0,43,43.0,0,0,0,0,0,0,0.0,0,0.0
2024-01-26,금,16시,1,1,1.0,20000,1.0,20000.0,1,1.0,3000,0,0,0,0,0,0.0,0,0.0
2024-01-25,목,18시,1,1,0.0,479000,0.0,479000.0,100,100.0,0,1000,1000,0,0,0,0.0,0,0.0
2024-01-25,목,08시,1,1,1.0,49000,1.0,49000.0,10,10.0,3000,0,0,0,0,0,0.0,0,0.0
2024-01-25,목,20시,1,1,1.0,32000,1.0,32000.0,1,1.0,0,1000,1000,0,0,0,0.0,0,0.0
2024-01-24,수,09시,1,1,0.0,460000,0.0,460000.0,20,20.0,0,0,0,0,0,0,0.0,0,0.0
2024-01-24,수,13시,1,1,1.0,244000,1.0,244000.0,50,50.0,0,1000,1000,0,0,0,0.0,0,0.0
2024-01-24,수,23시,1,1,1.0,219500,1.0,219500.0,45,45.0,0,1000,1000,0,0,0,0.0,0,0.0
2024-01-24,수,14시,1,1,1.0,196000,1.0,196000.0,40,40.0,0,0,0,0,0,0,0.0,0,0.0
2024-01-24,수,21시,1,2,1.0,80000,1.0,40000.0,5,2.5,0,1000,1000,0,0,0,0.0,0,0.0
2024-01-23,화,00시,1,1,0.0,395500,0.0,395500.0,85,85.0,0,0,0,0,0,0,0.0,0,0.0
2024-01-23,화,09시,1,1,1.0,98000,1.0,98000.0,20,20.0,0,0,0,0,0,0,0.0,0,0.0
2024-01-23,화,10시,1,1,1.0,49000,1.0,49000.0,10,10.0,3000,0,0,0,0,0,0.0,0,0.0
2024-01-22,월,18시,2,2,0.5,414500,0.7659831121833535,207250.0,85,42.5,0,2000,2000,0,0,0,0.0,0,0.0
2024-01-22,월,11시,1,1,1.0,343000,1.0,343000.0,70,70.0,0,0,0,0,0,0,0.0,0,0.0
2024-01-22,월,21시,1,1,1.0,87000,1.0,87000.0,24,24.0,0,1000,1000,0,0,0,0.0,0,0.0
2024-01-22,월,13시,1,1,1.0,45000,1.0,45000.0,2,2.0,3000,1000,1000,0,0,0,0.0,0,0.0
2024-01-21,일,18시,1,1,1.0,26000,1.0,26000.0,1,1.0,3000,0,0,0,0,0,0.0,0,0.0
2024-01-21,일,22시,1,1,0.0,20000,0.0,20000.0,2,2.0,3000,0,0,0,0,0,0.0,0,0.0
2024-01-20,토,22시,1,1,1.0,72500,1.0,72500.0,15,15.0,0,1000,1000,0,0,0,0.0,0,0.0
2024-01-20,토,21시,1,2,1.0,33500,1.0,16750.0,6,3.0,3000,1000,1000,0,0,0,0.0,0,0.0
2024-01-20,토,13시,1,1,1.0,4900,1.0,4900.0,1,1.0,0,0,0,0,0,0,0.0,0,0.0
2024-01-19,금,20시,1,1,1.0,2114000,1.0,2114000.0,450,450.0,0,1000,1000,0,0,0,0.0,0,0.0
2024-01-19,금,11시,1,2,1.0,254800,1.0,127400.0,52,26.0,0,0,0,0,0,0,0.0,0,0.0
2024-01-19,금,10시,1,1,1.0,32000,1.0,32000.0,1,1.0,0,1000,1000,0,0,0,0.0,0,0.0
2024-01-18,목,18시,1,1,1.0,479000,1.0,479000.0,100,100.0,0,1000,1000,0,0,0,0.0,0,0.0
2024-01-18,목,13시,1,1,1.0,33300,1.0,33300.0,7,7.0,3000,1000,1000,0,0,0,0.0,0,0.0
2024-01-18,목,21시,1,1,1.0,22000,1.0,22000.0,1,1.0,0,1000,1000,0,0,0,0.0,0,0.0
2024-01-17,수,13시,1,1,1.0,32000,1.0,32000.0,1,1.0,3000,1000,1000,0,0,0,0.0,0,0.0
2024-01-17,수,11시,1,1,1.0,21000,1.0,21000.0,1,1.0,0,0,0,0,0,0,0.0,0,0.0
2024-01-17,수,16시,1,1,1.0,20000,1.0,20000.0,1,1.0,3000,0,0,0,0,0,0.0,0,0.0
2024-01-15,월,16시,2,4,1.0,348000,1.0,87000.0,69,17.25,0,1000,1000,0,0,0,0.0,0,0.0
2024-01-15,월,13시,1,1,0.0,160000,0.0,160000.0,5,5.0,0,0,0,0,0,0,0.0,0,0.0
2024-01-15,월,08시,1,1,1.0,93100,1.0,93100.0,19,19.0,0,0,0,0,0,0,0.0,0,0.0
2024-01-15,월,09시,1,1,1.0,73500,1.0,73500.0,15,15.0,0,0,0,0,0,0,0.0,0,0.0
2024-01-15,월,10시,1,1,0.0,14000,0.0,14000.0,1,1.0,3000,0,0,0,0,0,0.0,0,0.0
2024-01-14,일,12시,1,1,1.0,245000,1.0,245000.0,50,50.0,0,0,0,0,0,0,0.0,0,0.0
2024-01-14,일,08시,1,1,1.0,147000,1.0,147000.0,30,30.0,0,0,0,0,0,0,0.0,0,0.0
2024-01-14,일,03시,1,1,1.0,98000,1.0,98000.0,20,20.0,0,0,0,0,1,98000,1.0,20,1.0
2024-01-12,금,13시,1,1,1.0,48000,1.0,48000.0,10,10.0,3000,1000,1000,0,0,0,0.0,0,0.0
2024-01-11,목,12시,1,1,1.0,391000,1.0,391000.0,80,80.0,0,1000,1000,0,0,0,0.0,0,0.0
2024-01-11,목,01시,1,1,1.0,318500,1.0,318500.0,65,65.0,0,0,0,0,0,0,0.0,0,0.0
2024-01-11,목,23시,1,1,1.0,155800,1.0,155800.0,32,32.0,0,1000,1000,0,0,0,0.0,0,0.0
2024-01-11,목,14시,1,1,1.0,21000,1.0,21000.0,1,1.0,3000,0,0,0,0,0,0.0,0,0.0
2024-01-10,수,13시,1,1,1.0,294000,1.0,294000.0,60,60.0,0,0,0,0,0,0,0.0,0,0.0
2024-01-10,수,10시,1,1,0.0,121500,0.0,121500.0,25,25.0,0,1000,1000,0,0,0,0.0,0,0.0
2024-01-10,수,17시,1,1,1.0,68600,1.0,68600.0,14,14.0,0,0,0,0,0,0,0.0,0,0.0
2024-01-10,수,20시,1,1,1.0,48000,1.0,48000.0,10,10.0,3000,1000,1000,0,0,0,0.0,0,0.0
2024-01-09,화,19시,1,1,1.0,1186500,1.0,1186500.0,250,250.0,0,1000,1000,0,0,0,0.0,0,0.0
2024-01-09,화,09시,1,1,1.0,196000,1.0,196000.0,40,40.0,0,0,0,0,0,0,0.0,0,0.0
2024-01-09,화,18시,1,1,1.0,58800,1.0,58800.0,12,12.0,3000,0,0,0,0,0,0.0,0,0.0
2024-01-09,화,11시,1,1,1.0,14000,1.0,14000.0,1,1.0,3000,0,0,0,0,0,0.0,0,0.0
2024-01-08,월,14시,1,1,1.0,245000,1.0,245000.0,50,50.0,0,0,0,0,0,0,0.0,0,0.0
2024-01-08,월,16시,1,1,1.0,200900,1.0,200900.0,41,41.0,0,0,0,0,0,0,0.0,0,0.0
2024-01-08,월,10시,2,3,1.0,120000,1.0,40000.0,21,7.0,9000,0,0,0,1,49000,0.4083333333333333,10,0.47619047619047616
2024-01-08,월,12시,1,1,1.0,78400,1.0,78400.0,16,16.0,0,0,0,0,0,0,0.0,0,0.0
2024-01-08,월,17시,2,2,0.5,76100,0.5795006570302234,38050.0,10,5.0,3000,0,0,0,0,0,0.0,0,0.0
2024-01-08,월,20시,1,1,1.0,10300,1.0,10300.0,2,2.0,0,0,0,0,0,0,0.0,0,0.0
2024-01-06,토,13시,1,1,1.0,100000,1.0,100000.0,10,10.0,0,0,0,0,0,0,0.0,0,0.0
2024-01-06,토,16시,1,1,1.0,10300,1.0,10300.0,2,2.0,3000,0,0,0,0,0,0.0,0,0.0
2024-01-05,금,18시,1,1,1.0,32000,1.0,32000.0,1,1.0,3000,0,0,0,0,0,0.0,0,0.0
2024-01-04,목,21시,1,1,1.0,140000,1.0,140000.0,7,7.0,0,0,0,0,0,0,0.0,0,0.0
2024-01-04,목,11시,1,1,1.0,21000,1.0,21000.0,1,1.0,0,0,0,0,0,0,0.0,0,0.0
2024-01-04,목,01시,1,1,1.0,20000,1.0,20000.0,1,1.0,3000,0,0,0,0,0,0.0,0,0.0
2024-01-03,수,22시,1,1,1.0,768000,1.0,768000.0,160,160.0,0,0,0,0,0,0,0.0,0,0.0
2024-01-03,수,11시,2,2,1.0,93100,1.0,46550.0,19,9.5,3000,0,0,0,0,0,0.0,0,0.0
2023-12-29,금,13시,1,1,0.0,69000,0.0,69000.0,3,3.0,0,0,0,0,0,0,0.0,0,0.0
2023-12-29,금,08시,1,1,1.0,32000,1.0,32000.0,1,1.0,0,0,0,0,0,0,0.0,0,0.0
2023-12-28,목,09시,2,2,0.5,728500,0.34111187371310914,364250.0,155,77.5,0,0,0,0,0,0,0.0,0,0.0
2023-12-28,목,00시,1,1,1.0,343000,1.0,343000.0,70,70.0,0,0,0,0,1,336000,0.9795918367346939,70,1.0
2023-12-27,수,23시,1,1,1.0,336000,1.0,336000.0,70,70.0,0,0,0,0,0,0,0.0,0,0.0
2023-12-27,수,16시,1,1,0.0,294000,0.0,294000.0,60,60.0,0,0,0,0,0,0,0.0,0,0.0
2023-12-26,화,13시,1,1,0.0,319000,0.0,319000.0,87,87.0,0,0,0,0,0,0,0.0,0,0.0
2023-12-26,화,14시,1,1,1.0,171500,1.0,171500.0,35,35.0,0,0,0,0,0,0,0.0,0,0.0
2023-12-26,화,18시,1,1,1.0,138000,1.0,138000.0,6,6.0,0,0,0,0,0,0,0.0,0,0.0
2023-12-26,화,11시,1,1,0.0,49000,0.0,49000.0,10,10.0,0,0,0,0,0,0,0.0,0,0.0
2023-12-25,월,20시,1,1,1.0,480000,1.0,480000.0,100,100.0,0,0,0,0,0,0,0.0,0,0.0
2023-12-25,월,18시,1,1,1.0,139000,1.0,139000.0,45,45.0,0,0,0,0,0,0,0.0,0,0.0
2023-12-24,일,18시,1,1,1.0,77000,1.0,77000.0,21,21.0,0,0,0,0,0,0,0.0,0,0.0
2023-12-23,토,15시,1,1,0.0,78400,0.0,78400.0,28,28.0,0,0,0,0,0,0,0.0,0,0.0
2023-12-23,토,18시,1,1,0.0,21000,0.0,21000.0,1,1.0,3000,0,0,0,0,0,0.0,0,0.0
2023-12-22,금,14시,2,2,0.0,136000,0.0,68000.0,5,2.5,3000,0,0,0,0,0,0.0,0,0.0
2023-12-21,목,12시,1,1,1.0,392000,1.0,392000.0,80,80.0,0,0,0,0,0,0,0.0,0,0.0
2023-12-21,목,16시,1,1,0.0,219000,0.0,219000.0,60,60.0,0,1000,1000,0,1,219000,1.0,60,1.0
2023-12-21,목,15시,1,1,0.0,32000,0.0,32000.0,1,1.0,3000,0,0,0,0,0,0.0,0,0.0
2023-12-21,목,10시,1,1,0.0,21000,0.0,21000.0,1,1.0,3000,0,0,0,0,0,0.0,0,0.0
2023-12-20,수,11시,1,1,1.0,73500,1.0,73500.0,15,15.0,0,0,0,0,0,0,0.0,0,0.0
2023-12-20,수,19시,1,1,1.0,20000,1.0,20000.0,2,2.0,0,0,0,0,0,0,0.0,0,0.0
2023-12-19,화,13시,1,2,0.0,67100,0.0,33550.0,10,5.0,0,0,0,0,0,0,0.0,0,0.0
2023-12-18,월,11시,1,1,1.0,1380000,1.0,1380000.0,300,300.0,0,0,0,0,0,0,0.0,0,0.0
2023-12-18,월,10시,1,1,1.0,552000,1.0,552000.0,115,115.0,0,0,0,0,0,0,0.0,0,0.0
2023-12-18,월,17시,1,1,1.0,342000,1.0,342000.0,70,70.0,0,1000,1000,0,0,0,0.0,0,0.0
2023-12-17,일,19시,1,1,1.0,147000,1.0,147000.0,30,30.0,0,0,0,0,0,0,0.0,0,0.0
2023-12-17,일,22시,1,1,0.0,146000,0.0,146000.0,30,30.0,0,1000,1000,0,0,0,0.0,0,0.0
2023-12-16,토,22시,1,2,0.0,138000,0.0,69000.0,6,3.0,0,0,0,0,1,69000,0.5,3,0.5
2023-12-16,토,21시,1,1,0.0,46000,0.0,46000.0,2,2.0,3000,0,0,0,0,0,0.0,0,0.0
2023-12-15,금,09시,1,1,1.0,261500,1.0,261500.0,75,75.0,0,1000,1000,0,0,0,0.0,0,0.0
2023-12-15,금,18시,1,1,1.0,5600,1.0,5600.0,2,2.0,0,0,0,0,0,0,0.0,0,0.0
2023-12-14,목,19시,1,1,1.0,115000,1.0,115000.0,5,5.0,0,0,0,0,0,0,0.0,0,0.0
2023-12-14,목,21시,1,1,1.0,115000,1.0,115000.0,5,5.0,0,0,0,0,0,0,0.0,0,0.0
2023-12-14,목,11시,1,1,1.0,73500,1.0,73500.0,15,15.0,0,0,0,0,0,0,0.0,0,0.0
2023-12-13,수,14시,1,1,1.0,170500,1.0,170500.0,35,35.0,0,1000,1000,0,0,0,0.0,0,0.0
2023-12-13,수,11시,1,1,0.0,20000,0.0,20000.0,5,5.0,0,0,0,0,0,0,0.0,0,0.0
2023-12-07,목,16시,1,1,1.0,10300,1.0,10300.0,2,2.0,0,0,0,0,0,0,0.0,0,0.0
2023-12-07,목,15시,1,1,1.0,4900,1.0,4900.0,1,1.0,0,0,0,0,0,0,0.0,0,0.0
2023-12-05,화,19시,1,1,0.0,115000,0.0,115000.0,5,5.0,0,0,0,0,0,0,0.0,0,0.0
2023-12-04,월,16시,1,1,0.0,279000,0.0,279000.0,9,9.0,0,0,0,0,0,0,0.0,0,0.0
2023-12-03,일,10시,1,1,1.0,196000,1.0,196000.0,40,40.0,0,0,0,0,0,0,0.0,0,0.0
2023-12-03,일,11시,1,1,1.0,32000,1.0,32000.0,1,1.0,3000,0,0,0,0,0,0.0,0,0.0
2023-11-30,목,10시,1,1,1.0,49000,1.0,49000.0,10,10.0,3000,0,0,0,0,0,0.0,0,0.0
2023-11-30,목,18시,1,1,1.0,20600,1.0,20600.0,4,4.0,0,0,0,0,0,0,0.0,0,0.0
2023-11-29,수,19시,1,1,1.0,132000,1.0,132000.0,6,6.0,0,0,0,0,0,0,0.0,0,0.0
2023-11-29,수,21시,1,1,1.0,22000,1.0,22000.0,1,1.0,0,0,0,0,0,0,0.0,0,0.0
2023-11-28,화,15시,1,2,0.0,41600,0.0,20800.0,5,2.5,3000,0,0,0,0,0,0.0,0,0.0
2023-11-27,월,12시,1,1,1.0,20000,1.0,20000.0,1,1.0,3000,0,0,0,0,0,0.0,0,0.0
2023-11-24,금,09시,1,1,1.0,286000,1.0,286000.0,13,13.0,0,0,0,0,0,0,0.0,0,0.0
2023-11-24,금,16시,1,1,1.0,22000,1.0,22000.0,1,1.0,0,0,0,0,0,0,0.0,0,0.0
2023-11-17,금,09시,1,1,1.0,200000,1.0,200000.0,10,10.0,0,0,0,0,0,0,0.0,0,0.0
2023-11-15,수,12시,1,1,1.0,184000,1.0,184000.0,8,8.0,0,0,0,0,0,0,0.0,0,0.0
2023-11-13,월,15시,1,1,0.0,640000,0.0,640000.0,20,20.0,0,0,0,0,0,0,0.0,0,0.0
2023-11-10,금,09시,1,1,1.0,88000,1.0,88000.0,22,22.0,0,0,0,0,0,0,0.0,0,0.0
2023-11-08,수,20시,1,1,0.0,100000,0.0,100000.0,10,10.0,0,0,0,0,0,0,0.0,0,0.0
2023-11-08,수,09시,1,2,0.0,62000,0.0,31000.0,5,2.5,3000,0,0,0,0,0,0.0,0,0.0
2023-11-08,수,12시,1,1,0.0,10000,0.0,10000.0,1,1.0,0,0,0,0,0,0,0.0,0,0.0
2023-11-06,월,18시,1,2,1.0,196000,1.0,98000.0,40,20.0,0,0,0,0,1,98000,0.5,20,0.5
2023-11-06,월,15시,1,1,1.0,32000,1.0,32000.0,1,1.0,3000,0,0,0,0,0,0.0,0,0.0
2023-11-04,토,15시,1,1,0.0,28000,0.0,28000.0,2,2.0,3000,0,0,0,0,0,0.0,0,0.0
2023-11-03,금,19시,1,1,1.0,64000,1.0,64000.0,2,2.0,3000,0,0,0,0,0,0.0,0,0.0
2023-11-02,목,02시,1,1,1.0,323400,1.0,323400.0,66,66.0,0,0,0,0,0,0,0.0,0,0.0
2023-11-01,수,09시,1,1,0.0,93000,0.0,93000.0,3,3.0,0,0,0,0,0,0,0.0,0,0.0
2023-11-01,수,17시,1,1,1.0,35000,1.0,35000.0,1,1.0,3000,0,0,0,0,0,0.0,0,0.0
2023-10-30,월,23시,1,4,1.0,79000,1.0,19750.0,4,1.0,0,0,0,0,0,0,0.0,0,0.0
2023-10-28,토,23시,1,1,1.0,40000,1.0,40000.0,2,2.0,3000,0,0,0,0,0,0.0,0,0.0
2023-10-27,금,10시,1,3,0.0,131000,0.0,43666.666666666664,15,5.0,0,0,0,0,0,0,0.0,0,0.0
2023-10-27,금,11시,1,1,1.0,56000,1.0,56000.0,4,4.0,0,0,0,0,0,0,0.0,0,0.0
2023-10-26,목,12시,1,1,1.0,32000,1.0,32000.0,1,1.0,0,0,0,0,0,0,0.0,0,0.0
2023-10-25,수,18시,1,1,1.0,30000,1.0,30000.0,3,3.0,0,0,0,0,0,0,0.0,0,0.0
2023-10-24,화,18시,2,2,1.0,148000,1.0,74000.0,25,12.5,0,0,0,0,0,0,0.0,0,0.0
2023-10-24,화,11시,1,1,0.0,132000,0.0,132000.0,6,6.0,0,0,0,0,0,0,0.0,0,0.0
2023-10-23,월,10시,1,1,0.0,96000,0.0,96000.0,3,3.0,0,0,0,0,0,0,0.0,0,0.0
2023-10-23,월,17시,1,1,1.0,42000,1.0,42000.0,3,3.0,3000,0,0,0,0,0,0.0,0,0.0
2023-10-20,금,12시,1,1,0.0,32000,0.0,32000.0,1,1.0,0,0,0,0,0,0,0.0,0,0.0
2023-10-19,목,11시,1,1,1.0,23000,1.0,23000.0,1,1.0,0,0,0,0,0,0,0.0,0,0.0
2023-10-18,수,13시,1,1,1.0,91000,1.0,91000.0,9,9.0,0,0,0,0,0,0,0.0,0,0.0
2023-10-18,수,18시,1,1,0.0,62000,0.0,62000.0,2,2.0,3000,0,0,0,0,0,0.0,0,0.0
2023-10-17,화,18시,1,1,1.0,196000,1.0,196000.0,40,40.0,0,0,0,0,0,0,0.0,0,0.0
2023-10-12,목,18시,1,1,0.0,28000,0.0,28000.0,2,2.0,0,0,0,0,0,0,0.0,0,0.0
2023-10-11,수,13시,1,2,0.0,250000,0.0,125000.0,8,4.0,0,0,0,0,0,0,0.0,0,0.0
2023-10-11,수,16시,1,1,1.0,25000,1.0,25000.0,1,1.0,3000,0,0,0,0,0,0.0,0,0.0
2023-10-10,화,22시,1,1,1.0,4900,1.0,4900.0,1,1.0,0,0,0,0,0,0,0.0,0,0.0
2023-10-07,토,19시,1,1,0.0,64000,0.0,64000.0,2,2.0,0,0,0,0,0,0,0.0,0,0.0
2023-10-07,토,20시,1,3,1.0,36900,1.0,12300.0,3,1.0,0,0,0,0,0,0,0.0,0,0.0
2023-10-06,금,17시,1,1,1.0,64000,1.0,64000.0,2,2.0,0,0,0,0,0,0,0.0,0,0.0
2023-10-06,금,09시,1,1,1.0,49000,1.0,49000.0,10,10.0,0,0,0,0,0,0,0.0,0,0.0
2023-10-06,금,11시,1,1,1.0,22000,1.0,22000.0,1,1.0,0,0,0,0,0,0,0.0,0,0.0
2023-10-05,목,20시,1,1,1.0,41000,1.0,41000.0,4,4.0,0,0,0,0,0,0,0.0,0,0.0
2023-10-05,목,11시,1,1,1.0,28000,1.0,28000.0,2,2.0,3000,0,0,0,0,0,0.0,0,0.0
2023-10-04,수,21시,3,3,1.0,118200,1.0,39400.0,21,7.0,3000,0,0,0,0,0,0.0,0,0.0
2023-10-04,수,16시,1,1,1.0,80000,1.0,80000.0,8,8.0,0,0,0,0,0,0,0.0,0,0.0
2023-10-03,화,09시,1,1,1.0,88000,1.0,88000.0,4,4.0,0,0,0,0,0,0,0.0,0,0.0
2023-10-01,일,07시,1,1,1.0,105000,1.0,105000.0,5,5.0,0,0,0,0,0,0,0.0,0,0.0
2023-09-26,화,10시,1,1,0.0,28000,0.0,28000.0,2,2.0,3000,0,0,0,0,0,0.0,0,0.0
2023-09-26,화,22시,0,0,,0,,,0,,0,0,0,0,1,32000,,1,
2023-09-25,월,23시,1,1,1.0,32000,1.0,32000.0,1,1.0,0,0,0,0,0,0,0.0,0,0.0
2023-09-25,월,18시,1,1,1.0,21000,1.0,21000.0,1,1.0,0,0,0,0,0,0,0.0,0,0.0
2023-09-25,월,19시,1,1,1.0,10000,1.0,10000.0,1,1.0,0,0,0,0,0,0,0.0,0,0.0
2023-09-24,일,18시,1,1,1.0,175000,1.0,175000.0,5,5.0,0,0,0,0,0,0,0.0,0,0.0
2023-09-24,일,16시,1,1,0.0,35000,0.0,35000.0,1,1.0,3000,0,0,0,0,0,0.0,0,0.0
2023-09-22,금,20시,1,1,1.0,35000,1.0,35000.0,1,1.0,3000,0,0,0,0,0,0.0,0,0.0
2023-09-22,금,16시,1,1,1.0,21000,1.0,21000.0,1,1.0,0,0,0,0,0,0,0.0,0,0.0
2023-09-21,목,11시,1,3,0.0,275000,0.0,91666.66666666667,11,3.6666666666666665,0,0,0,0,0,0,0.0,0,0.0
2023-09-21,목,10시,1,3,1.0,134000,1.0,44666.666666666664,6,2.0,6000,0,0,0,2,124000,0.9253731343283582,5,0.8333333333333334
2023-09-21,목,18시,1,3,1.0,74000,1.0,24666.666666666668,6,2.0,0,0,0,0,0,0,0.0,0,0.0
2023-09-21,목,13시,1,2,0.0,64000,0.0,32000.0,2,1.0,6000,0,0,0,0,0,0.0,0,0.0
2023-09-20,수,18시,1,2,1.0,124000,1.0,62000.0,5,2.5,6000,0,0,0,0,0,0.0,0,0.0
2023-09-20,수,15시,1,2,1.0,54000,1.0,27000.0,2,1.0,0,0,0,0,0,0,0.0,0,0.0
2023-09-19,화,17시,1,1,0.0,35000,0.0,35000.0,1,1.0,3000,0,0,0,0,0,0.0,0,0.0
2023-09-18,월,11시,1,3,1.0,134000,1.0,44666.666666666664,4,1.3333333333333333,6000,0,0,0,2,64000,0.47761194029850745,2,0.5
2023-09-18,월,22시,2,3,0.0,114000,0.0,38000.0,4,1.3333333333333333,6000,0,0,0,0,0,0.0,0,0.0
2023-09-18,월,21시,1,1,0.0,35000,0.0,35000.0,1,1.0,0,0,0,0,0,0,0.0,0,0.0
2023-09-17,일,18시,1,1,1.0,96000,1.0,96000.0,3,3.0,0,0,0,0,0,0,0.0,0,0.0
2023-09-16,토,05시,1,10,1.0,220000,1.0,22000.0,10,1.0,0,0,0,0,0,0,0.0,0,0.0
2023-09-16,토,18시,1,1,1.0,14000,1.0,14000.0,1,1.0,0,0,0,0,0,0,0.0,0,0.0
2023-09-15,금,22시,1,1,1.0,22000,1.0,22000.0,1,1.0,0,0,0,0,0,0,0.0,0,0.0
2023-09-14,목,13시,1,1,1.0,32000,1.0,32000.0,1,1.0,0,0,0,0,0,0,0.0,0,0.0
2023-09-14,목,17시,1,1,1.0,14000,1.0,14000.0,1,1.0,3000,0,0,0,0,0,0.0,0,0.0
2023-09-13,수,13시,1,2,0.0,296000,0.0,148000.0,13,6.5,0,0,0,0,0,0,0.0,0,0.0
2023-09-12,화,14시,1,1,1.0,20000,1.0,20000.0,1,1.0,3000,0,0,0,0,0,0.0,0,0.0
2023-09-11,월,18시,1,1,0.0,88000,0.0,88000.0,4,4.0,0,0,0,0,0,0,0.0,0,0.0
2023-09-11,월,21시,2,3,1.0,66000,1.0,22000.0,3,1.0,3000,0,0,0,0,0,0.0,0,0.0
2023-09-10,일,18시,2,2,0.5,288000,0.2222222222222222,144000.0,9,4.5,0,0,0,0,0,0,0.0,0,0.0
2023-09-10,일,22시,1,1,0.0,25000,0.0,25000.0,1,1.0,0,0,0,0,0,0,0.0,0,0.0
2023-09-09,토,15시,1,4,1.0,64000,1.0,16000.0,4,1.0,0,0,0,0,2,32000,0.5,2,0.5
2023-09-08,금,21시,1,1,0.0,124000,0.0,124000.0,4,4.0,0,0,0,0,0,0,0.0,0,0.0
2023-09-08,금,00시,1,1,1.0,32000,1.0,32000.0,1,1.0,0,0,0,0,0,0,0.0,0,0.0
2023-09-08,금,16시,1,1,0.0,32000,0.0,32000.0,1,1.0,0,0,0,0,0,0,0.0,0,0.0
2023-09-08,금,22시,1,1,1.0,32000,1.0,32000.0,1,1.0,0,0,0,0,0,0,0.0,0,0.0
2023-09-06,수,00시,1,1,1.0,110000,1.0,110000.0,5,5.0,0,0,0,0,0,0,0.0,0,0.0
2023-09-06,수,18시,1,2,1.0,34000,1.0,17000.0,2,1.0,3000,0,0,0,2,34000,1.0,2,1.0
2023-09-06,수,19시,1,2,1.0,34000,1.0,17000.0,2,1.0,0,0,0,0,0,0,0.0,0,0.0
2023-09-06,수,10시,1,1,0.0,32000,0.0,32000.0,1,1.0,0,0,0,0,0,0,0.0,0,0.0
2023-09-05,화,17시,1,1,1.0,100000,1.0,100000.0,25,25.0,0,0,0,0,0,0,0.0,0,0.0
2023-09-05,화,20시,1,1,1.0,62000,1.0,62000.0,2,2.0,0,0,0,0,0,0,0.0,0,0.0
2023-09-04,월,11시,1,1,0.0,31000,0.0,31000.0,1,1.0,3000,0,0,0,0,0,0.0,0,0.0
2023-09-04,월,18시,1,1,1.0,21000,1.0,21000.0,1,1.0,3000,0,0,0,0,0,0.0,0,0.0
2023-09-02,토,11시,1,2,1.0,42000,1.0,21000.0,2,1.0,6000,0,0,0,0,0,0.0,0,0.0
2023-09-02,토,15시,1,1,1.0,20000,1.0,20000.0,1,1.0,3000,0,0,0,0,0,0.0,0,0.0
2023-09-01,금,13시,1,2,1.0,371000,1.0,185500.0,45,22.5,0,0,0,0,0,0,0.0,0,0.0
2023-09-01,금,20시,1,3,1.0,76000,1.0,25333.333333333332,9,3.0,0,0,0,0,0,0,0.0,0,0.0
2023-09-01,금,19시,1,1,1.0,62000,1.0,62000.0,2,2.0,0,0,0,0,0,0,0.0,0,0.0
2023-08-31,목,14시,1,1,1.0,70000,1.0,70000.0,2,2.0,0,0,0,0,0,0,0.0,0,0.0
2023-08-31,목,20시,1,1,0.0,20000,0.0,20000.0,1,1.0,3000,0,0,0,0,0,0.0,0,0.0
2023-08-30,수,18시,1,1,1.0,68000,1.0,68000.0,2,2.0,0,0,0,0,0,0,0.0,0,0.0
2023-08-30,수,17시,1,1,1.0,42000,1.0,42000.0,3,3.0,3000,0,0,0,0,0,0.0,0,0.0
2023-08-30,수,00시,1,1,0.0,27000,0.0,27000.0,5,5.0,3000,0,0,0,0,0,0.0,0,0.0
2023-08-24,목,12시,1,1,0.0,192000,0.0,192000.0,6,6.0,0,0,0,0,0,0,0.0,0,0.0
2023-08-24,목,14시,1,1,1.0,70000,1.0,70000.0,2,2.0,0,0,0,0,0,0,0.0,0,0.0
2023-08-24,목,11시,1,1,1.0,31000,1.0,31000.0,1,1.0,3000,0,0,0,0,0,0.0,0,0.0
2023-08-24,목,22시,1,1,1.0,28000,1.0,28000.0,1,1.0,3000,0,0,0,0,0,0.0,0,0.0
2023-08-23,수,14시,1,3,1.0,47400,1.0,15800.0,7,2.3333333333333335,0,0,0,0,0,0,0.0,0,0.0
2023-08-23,수,22시,1,1,1.0,31000,1.0,31000.0,1,1.0,0,0,0,0,0,0,0.0,0,0.0
2023-08-22,화,23시,1,1,1.0,31000,1.0,31000.0,1,1.0,3000,0,0,0,0,0,0.0,0,0.0
2023-08-22,화,19시,1,1,1.0,20000,1.0,20000.0,1,1.0,3000,0,0,0,0,0,0.0,0,0.0
2023-08-20,일,11시,1,2,1.0,75000,1.0,37500.0,11,5.5,6000,0,0,0,0,0,0.0,0,0.0
2023-08-20,일,17시,1,1,1.0,14000,1.0,14000.0,1,1.0,0,0,0,0,0,0,0.0,0,0.0
2023-08-19,토,11시,1,1,1.0,140000,1.0,140000.0,10,10.0,0,0,0,0,0,0,0.0,0,0.0
2023-08-18,금,21시,1,2,1.0,62000,1.0,31000.0,2,1.0,6000,0,0,0,0,0,0.0,0,0.0
2023-08-18,금,11시,1,1,1.0,50000,1.0,50000.0,5,5.0,0,0,0,0,0,0,0.0,0,0.0
2023-08-17,목,12시,1,2,0.0,434000,0.0,217000.0,14,7.0,0,0,0,0,0,0,0.0,0,0.0
2023-08-17,목,13시,1,1,1.0,22000,1.0,22000.0,1,1.0,0,0,0,0,0,0,0.0,0,0.0
2023-08-16,수,12시,1,1,0.0,93000,0.0,93000.0,3,3.0,0,0,0,0,0,0,0.0,0,0.0
2023-08-16,수,22시,1,2,1.0,28000,1.0,14000.0,2,1.0,3000,0,0,0,0,0,0.0,0,0.0
2023-08-14,월,16시,1,1,1.0,31000,1.0,31000.0,1,1.0,3000,0,0,0,0,0,0.0,0,0.0
2023-08-14,월,04시,0,0,,0,,,0,,0,0,0,0,1,19000,,1,
2023-08-13,일,20시,1,1,0.0,45000,0.0,45000.0,10,10.0,3000,0,0,0,0,0,0.0,0,0.0
2023-08-13,일,18시,1,2,1.0,30000,1.0,15000.0,3,1.5,6000,0,0,0,0,0,0.0,0,0.0
2023-08-11,금,22시,1,1,1.0,35000,1.0,35000.0,10,10.0,0,0,0,0,0,0,0.0,0,0.0
2023-08-11,금,12시,1,1,1.0,31000,1.0,31000.0,1,1.0,3000,0,0,0,0,0,0.0,0,0.0
2023-08-11,금,07시,1,1,1.0,31000,1.0,31000.0,1,1.0,3000,0,0,0,0,0,0.0,0,0.0
2023-08-11,금,09시,1,1,1.0,28000,1.0,28000.0,2,2.0,3000,0,0,0,0,0,0.0,0,0.0
2023-08-10,목,15시,1,2,0.0,39000,0.0,19500.0,2,1.0,3000,0,0,0,0,0,0.0,0,0.0
2023-08-09,수,16시,1,1,1.0,35000,1.0,35000.0,10,10.0,0,0,0,0,0,0,0.0,0,0.0
2023-08-08,화,11시,1,2,1.0,47400,1.0,23700.0,2,1.0,3000,0,0,0,0,0,0.0,0,0.0
2023-08-06,일,22시,1,1,1.0,32000,1.0,32000.0,1,1.0,3000,0,0,0,0,0,0.0,0,0.0
2023-08-06,일,20시,1,1,1.0,19000,1.0,19000.0,1,1.0,3000,1000,1000,0,0,0,0.0,0,0.0
2023-08-05,토,20시,1,1,1.0,21000,1.0,21000.0,1,1.0,3000,0,0,0,0,0,0.0,0,0.0
2023-08-05,토,15시,0,0,,0,,,0,,0,0,0,0,2,78000,,3,
2023-08-04,금,21시,1,2,1.0,78000,1.0,39000.0,3,1.5,0,0,0,0,0,0,0.0,0,0.0
2023-08-04,금,11시,1,1,1.0,21000,1.0,21000.0,1,1.0,0,0,0,0,0,0,0.0,0,0.0
2023-08-04,금,12시,1,1,1.0,20000,1.0,20000.0,5,5.0,0,0,0,0,0,0,0.0,0,0.0
2023-08-03,목,11시,1,1,1.0,27400,1.0,27400.0,1,1.0,0,0,0,0,0,0,0.0,0,0.0
2023-08-03,목,13시,1,1,1.0,21000,1.0,21000.0,1,1.0,0,0,0,0,0,0,0.0,0,0.0
2023-08-02,수,15시,1,1,1.0,180000,1.0,180000.0,40,40.0,0,0,0,0,0,0,0.0,0,0.0
2023-08-02,수,10시,1,1,1.0,60000,1.0,60000.0,15,15.0,0,0,0,0,0,0,0.0,0,0.0
2023-08-02,수,17시,2,2,0.5,60000,0.4666666666666667,30000.0,3,1.5,6000,0,0,0,0,0,0.0,0,0.0
2023-08-02,수,09시,1,1,1.0,54000,1.0,54000.0,10,10.0,0,0,0,0,0,0,0.0,0,0.0
2023-08-02,수,14시,1,1,1.0,32000,1.0,32000.0,1,1.0,3000,0,0,0,0,0,0.0,0,0.0
2023-07-28,금,12시,2,3,1.0,69400,1.0,23133.333333333332,3,1.0,3000,0,0,0,0,0,0.0,0,0.0
2023-07-28,금,14시,1,1,1.0,21000,1.0,21000.0,1,1.0,3000,0,0,0,0,0,0.0,0,0.0
2023-07-27,목,21시,1,1,1.0,62000,1.0,62000.0,2,2.0,0,0,0,0,0,0,0.0,0,0.0
2023-07-27,목,09시,1,1,1.0,20000,1.0,20000.0,2,2.0,0,0,0,0,0,0,0.0,0,0.0
2023-07-26,수,10시,1,1,0.0,93000,0.0,93000.0,3,3.0,0,0,0,0,0,0,0.0,0,0.0
2023-07-26,수,20시,1,1,0.0,70000,0.0,70000.0,5,5.0,0,0,0,0,0,0,0.0,0,0.0
2023-07-26,수,11시,1,1,0.0,31000,0.0,31000.0,1,1.0,3000,0,0,0,0,0,0.0,0,0.0
2023-07-25,화,21시,3,3,0.6666666666666666,82000,0.7560975609756098,27333.333333333332,3,1.0,9000,0,0,0,0,0,0.0,0,0.0
2023-07-25,화,11시,1,2,0.0,73000,0.0,36500.0,4,2.0,0,0,0,0,0,0,0.0,0,0.0
2023-07-25,화,17시,1,1,1.0,31000,1.0,31000.0,1,1.0,0,0,0,0,0,0,0.0,0,0.0
2023-07-25,화,00시,1,1,0.0,28000,0.0,28000.0,2,2.0,3000,0,0,0,0,0,0.0,0,0.0
2023-07-25,화,15시,1,1,0.0,21000,0.0,21000.0,1,1.0,0,0,0,0,0,0,0.0,0,0.0
2023-07-25,화,22시,1,1,1.0,21000,1.0,21000.0,1,1.0,3000,0,0,0,0,0,0.0,0,0.0
2023-07-24,월,22시,1,3,1.0,93000,1.0,31000.0,3,1.0,9000,0,0,0,0,0,0.0,0,0.0
2023-07-24,월,09시,1,2,1.0,90000,1.0,45000.0,4,2.0,0,0,0,0,0,0,0.0,0,0.0
2023-07-24,월,17시,1,1,0.0,63000,0.0,63000.0,3,3.0,0,0,0,0,0,0,0.0,0,0.0
2023-07-23,일,23시,1,1,1.0,200000,1.0,200000.0,50,50.0,6000,0,0,0,0,0,0.0,0,0.0
2023-07-20,목,18시,1,1,1.0,43000,1.0,43000.0,2,2.0,0,0,0,0,0,0,0.0,0,0.0
2023-07-20,목,19시,1,1,0.0,22000,0.0,22000.0,2,2.0,9000,0,0,0,0,0,0.0,0,0.0
2023-07-17,월,09시,1,1,1.0,75000,1.0,75000.0,3,3.0,4000,0,0,0,0,0,0.0,0,0.0
