날짜,시간대,배송유형,결제건수(상품주문번호),결제금액,발송건수,발송일준수건수,발송일준수율,배송완료건수,배송완료일준수건수,배송완료일준수율,평균배송기간(일),배송기간48시간내건수,배송시간48시간내비율
2023-12-29,13시,일반배송,1,69000,0,0,,0,0,,0.0,0,
2023-12-29,11시,일반배송,0,0,0,0,,1,0,,1.4559837962962963,1,1.0
2023-12-29,16시,일반배송,0,0,0,0,,3,0,,1.8684683641975308,2,0.6666666666666666
2023-12-29,18시,일반배송,0,0,0,0,,1,0,,1.3546296296296296,1,1.0
2023-12-28,09시,일반배송,3,728500,0,0,,0,0,,0.0,0,
2023-12-28,00시,일반배송,1,343000,0,0,,0,0,,0.0,0,
2023-12-28,12시,일반배송,0,0,0,0,,3,0,,1.9714351851851852,3,1.0
2023-12-28,13시,일반배송,0,0,0,0,,1,0,,1.8103125,1,1.0
2023-12-28,19시,일반배송,0,0,4,4,1.0,0,0,,0.0,0,
2023-12-28,23시,일반배송,0,0,0,0,,1,0,,1.2656944444444445,1,1.0
2023-12-27,16시,일반배송,1,294000,5,5,1.0,0,0,,0.0,0,
2023-12-27,23시,일반배송,1,336000,0,0,,0,0,,0.0,0,
2023-12-27,13시,일반배송,0,0,0,0,,5,0,,1.5495532407407406,5,1.0
2023-12-27,17시,일반배송,0,0,0,0,,1,0,,1.7186689814814813,1,1.0
2023-12-27,18시,일반배송,0,0,0,0,,1,0,,1.7676157407407407,1,1.0
2023-12-27,20시,일반배송,0,0,1,1,1.0,0,0,,0.0,0,
2023-12-26,13시,일반배송,3,319000,0,0,,0,0,,0.0,0,
2023-12-26,14시,일반배송,1,171500,0,0,,0,0,,0.0,0,
2023-12-26,18시,일반배송,1,138000,0,0,,0,0,,0.0,0,
2023-12-26,15시,일반배송,0,0,0,0,,1,0,,1.0242939814814815,1,1.0
2023-12-26,20시,일반배송,0,0,7,7,1.0,0,0,,0.0,0,
2023-12-25,18시,일반배송,3,139000,0,0,,0,0,,0.0,0,
2023-12-25,20시,일반배송,1,480000,0,0,,0,0,,0.0,0,
2023-12-24,18시,일반배송,3,77000,0,0,,0,0,,0.0,0,
2023-12-23,15시,일반배송,2,78400,0,0,,0,0,,0.0,0,
2023-12-23,18시,일반배송,1,21000,0,0,,0,0,,0.0,0,
2023-12-23,11시,일반배송,0,0,0,0,,1,0,,2.5353819444444445,0,0.0
2023-12-22,14시,일반배송,2,136000,0,0,,1,0,,1.1540972222222223,1,1.0
2023-12-22,13시,일반배송,0,0,0,0,,1,0,,0.9027662037037038,1,1.0
2023-12-22,16시,일반배송,0,0,2,2,1.0,0,0,,0.0,0,
2023-12-21,16시,일반배송,3,219000,0,0,,2,0,,3.4544560185185187,0,0.0
2023-12-21,10시,일반배송,1,21000,0,0,,0,0,,0.0,0,
2023-12-21,12시,일반배송,1,392000,0,0,,0,0,,0.0,0,
2023-12-21,15시,일반배송,1,32000,0,0,,0,0,,0.0,0,
2023-12-21,18시,일반배송,0,0,2,2,1.0,0,0,,0.0,0,
2023-12-21,23시,일반배송,0,0,0,0,,2,0,,2.417962962962963,0,0.0
2023-12-20,11시,일반배송,1,73500,0,0,,0,0,,0.0,0,
2023-12-20,13시,일반배송,0,0,0,0,,1,0,,2.557592592592593,0,0.0
2023-12-20,17시,일반배송,0,0,4,4,1.0,0,0,,0.0,0,
2023-12-19,13시,일반배송,2,67100,0,0,,1,0,,3.9773842592592596,0,0.0
2023-12-19,16시,일반배송,0,0,0,0,,1,0,,1.6803935185185186,1,1.0
2023-12-19,18시,일반배송,0,0,1,1,1.0,0,0,,0.0,0,
2023-12-18,10시,일반배송,1,552000,0,0,,0,0,,0.0,0,
2023-12-18,11시,일반배송,1,1380000,0,0,,0,0,,0.0,0,
2023-12-18,16시,일반배송,0,0,2,2,1.0,0,0,,0.0,0,
2023-12-17,19시,일반배송,1,147000,0,0,,0,0,,0.0,0,
2023-12-17,22시,일반배송,1,146000,0,0,,0,0,,0.0,0,
2023-12-16,21시,일반배송,1,46000,0,0,,0,0,,0.0,0,
2023-12-16,22시,일반배송,1,69000,0,0,,0,0,,0.0,0,
2023-12-16,11시,일반배송,0,0,0,0,,1,0,,1.539386574074074,1,1.0
2023-12-16,19시,일반배송,0,0,0,0,,2,0,,1.1584895833333333,2,1.0
2023-12-15,11시,일반배송,0,0,1,1,1.0,0,0,,0.0,0,
2023-12-15,16시,일반배송,0,0,2,2,1.0,0,0,,0.0,0,
2023-12-14,11시,일반배송,1,73500,0,0,,0,0,,0.0,0,
2023-12-14,19시,일반배송,1,115000,0,0,,0,0,,0.0,0,
2023-12-14,21시,일반배송,1,115000,0,0,,0,0,,0.0,0,
2023-12-13,14시,일반배송,1,170500,0,0,,0,0,,0.0,0,
2023-12-12,13시,일반배송,0,0,0,0,,1,0,,5.867569444444444,0,0.0
2023-12-11,16시,일반배송,0,0,1,0,0.0,0,0,,0.0,0,
2023-12-05,16시,일반배송,0,0,0,0,,1,0,,1.6745717592592593,1,1.0
2023-12-05,23시,일반배송,0,0,0,0,,1,0,,1.9617824074074075,1,1.0
2023-12-04,16시,일반배송,1,279000,2,2,1.0,0,0,,0.0,0,
2023-12-03,10시,일반배송,1,196000,0,0,,0,0,,0.0,0,
2023-12-03,11시,일반배송,1,32000,0,0,,0,0,,0.0,0,
2023-12-01,16시,일반배송,0,0,0,0,,1,0,,1.233125,1,1.0
2023-12-01,23시,일반배송,0,0,0,0,,2,0,,3.313981481481482,0,0.0
2023-11-30,10시,일반배송,1,49000,0,0,,0,0,,0.0,0,
2023-11-30,18시,일반배송,0,0,3,3,1.0,0,0,,0.0,0,
2023-11-28,15시,일반배송,2,41600,0,0,,0,0,,0.0,0,
2023-11-28,12시,일반배송,0,0,0,0,,1,0,,1.0095138888888888,1,1.0
2023-11-28,16시,일반배송,0,0,0,0,,1,0,,2.2806944444444444,0,0.0
2023-11-27,12시,일반배송,1,20000,0,0,,0,0,,0.0,0,
2023-11-27,16시,일반배송,0,0,2,2,1.0,0,0,,0.0,0,
2023-11-24,09시,일반배송,1,286000,0,0,,0,0,,0.0,0,
2023-11-16,16시,일반배송,0,0,0,0,,1,0,,1.1462847222222223,1,1.0
2023-11-15,12시,일반배송,1,184000,0,0,,0,0,,0.0,0,
2023-11-15,16시,일반배송,0,0,1,1,1.0,0,0,,0.0,0,
2023-11-10,18시,일반배송,0,0,0,0,,3,0,,2.3269868827160494,0,0.0
2023-11-09,17시,일반배송,0,0,3,3,1.0,0,0,,0.0,0,
2023-11-08,09시,일반배송,2,62000,0,0,,0,0,,0.0,0,
2023-11-08,11시,일반배송,0,0,0,0,,1,0,,1.7012962962962963,1,1.0
2023-11-08,20시,일반배송,0,0,0,0,,1,0,,2.209212962962963,0,0.0
2023-11-07,14시,일반배송,0,0,2,2,1.0,0,0,,0.0,0,
2023-11-07,16시,일반배송,0,0,0,0,,2,0,,1.788287037037037,2,1.0
2023-11-06,18시,일반배송,2,196000,0,0,,0,0,,0.0,0,
2023-11-06,15시,일반배송,1,32000,0,0,,0,0,,0.0,0,
2023-11-06,19시,일반배송,0,0,2,2,1.0,0,0,,0.0,0,
2023-11-04,15시,일반배송,1,28000,0,0,,0,0,,0.0,0,
2023-11-04,16시,일반배송,0,0,0,0,,1,0,,1.915902777777778,1,1.0
2023-11-03,19시,일반배송,1,64000,0,0,,0,0,,0.0,0,
2023-11-03,16시,일반배송,0,0,0,0,,1,0,,1.9681944444444444,1,1.0
2023-11-03,18시,일반배송,0,0,1,1,1.0,0,0,,0.0,0,
2023-11-02,02시,일반배송,1,323400,0,0,,0,0,,0.0,0,
2023-11-02,16시,일반배송,0,0,1,1,1.0,4,0,,2.6922685185185187,0,0.0
2023-11-02,18시,일반배송,0,0,0,0,,1,0,,10.981180555555556,0,0.0
2023-11-01,17시,일반배송,1,35000,0,0,,0,0,,0.0,0,
2023-11-01,15시,일반배송,0,0,5,4,0.8,0,0,,0.0,0,
2023-10-31,23시,일반배송,0,0,0,0,,1,0,,1.9651504629629628,1,1.0
2023-10-30,23시,일반배송,4,79000,0,0,,0,0,,0.0,0,
2023-10-30,14시,일반배송,0,0,1,1,1.0,0,0,,0.0,0,
2023-10-28,23시,일반배송,1,40000,0,0,,0,0,,0.0,0,
2023-10-25,13시,일반배송,0,0,0,0,,1,0,,1.8385532407407406,1,1.0
2023-10-24,18시,일반배송,1,98000,0,0,,0,0,,0.0,0,
2023-10-24,16시,일반배송,0,0,1,1,1.0,1,0,,1.2386342592592594,1,1.0
2023-10-23,10시,일반배송,1,96000,0,0,,0,0,,0.0,0,
2023-10-23,17시,일반배송,1,42000,0,0,,0,0,,0.0,0,
2023-10-23,18시,일반배송,0,0,1,1,1.0,0,0,,0.0,0,
2023-10-18,18시,일반배송,1,62000,0,0,,0,0,,0.0,0,
2023-10-17,18시,일반배송,1,196000,0,0,,0,0,,0.0,0,
2023-10-13,16시,일반배송,0,0,0,0,,2,0,,2.1207060185185185,0,0.0
2023-10-12,16시,일반배송,0,0,2,2,1.0,1,0,,1.0006018518518518,1,1.0
2023-10-11,13시,일반배송,2,250000,0,0,,0,0,,0.0,0,
2023-10-11,16시,일반배송,1,25000,0,0,,0,0,,0.0,0,
2023-10-11,17시,일반배송,0,0,1,1,1.0,0,0,,0.0,0,
2023-10-06,16시,일반배송,0,0,0,0,,2,0,,1.6003414351851852,2,1.0
2023-10-06,18시,일반배송,0,0,0,0,,1,0,,1.8711458333333333,1,1.0
2023-10-05,11시,일반배송,1,28000,0,0,,0,0,,0.0,0,
2023-10-05,13시,일반배송,0,0,0,0,,1,0,,4.693564814814815,0,0.0
2023-10-05,16시,일반배송,0,0,0,0,,2,0,,2.4677835648148148,1,0.5
2023-10-05,17시,일반배송,0,0,3,3,1.0,0,0,,0.0,0,
2023-10-04,16시,일반배송,1,80000,0,0,,0,0,,0.0,0,
2023-10-04,21시,일반배송,1,30000,0,0,,0,0,,0.0,0,
2023-10-04,17시,일반배송,0,0,3,2,0.6666666666666666,0,0,,0.0,0,
2023-10-03,09시,일반배송,1,88000,0,0,,0,0,,0.0,0,
2023-10-01,07시,일반배송,1,105000,0,0,,0,0,,0.0,0,
2023-09-26,10시,일반배송,1,28000,0,0,,3,0,,2.284201388888889,0,0.0
2023-09-26,20시,일반배송,0,0,1,1,1.0,0,0,,0.0,0,
2023-09-26,22시,일반배송,0,0,0,0,,1,0,,1.9265162037037038,1,1.0
2023-09-25,10시,일반배송,0,0,0,0,,1,0,,1.9593402777777778,1,1.0
2023-09-25,13시,일반배송,0,0,0,0,,1,0,,1.998425925925926,1,1.0
2023-09-25,15시,일반배송,0,0,0,0,,2,0,,2.107274305555556,0,0.0
2023-09-25,17시,일반배송,0,0,0,0,,3,0,,2.284201388888889,0,0.0
2023-09-25,20시,일반배송,0,0,0,0,,1,0,,2.3478703703703703,0,0.0
2023-09-24,16시,일반배송,1,35000,0,0,,0,0,,0.0,0,
2023-09-23,18시,일반배송,0,0,0,0,,1,0,,3.2696180555555556,0,0.0
2023-09-22,20시,일반배송,1,35000,8,8,1.0,0,0,,0.0,0,
2023-09-22,13시,일반배송,0,0,0,0,,1,0,,4.551967592592592,0,0.0
2023-09-22,16시,일반배송,0,0,0,0,,1,0,,3.7503703703703706,0,0.0
2023-09-22,23시,일반배송,0,0,0,0,,1,0,,4.039548611111111,0,0.0
2023-09-21,10시,일반배송,3,134000,0,0,,0,0,,0.0,0,
2023-09-21,11시,일반배송,3,275000,0,0,,2,0,,3.4695949074074073,0,0.0
2023-09-21,18시,일반배송,3,74000,0,0,,2,0,,3.771984953703704,0,0.0
2023-09-21,13시,일반배송,2,64000,0,0,,0,0,,0.0,0,
2023-09-21,16시,일반배송,0,0,0,0,,1,0,,3.764525462962963,0,0.0
2023-09-21,17시,일반배송,0,0,0,0,,1,0,,3.7142824074074077,0,0.0
2023-09-21,23시,일반배송,0,0,3,3,1.0,5,0,,3.9648055555555555,0,0.0
2023-09-20,-,일반배송,2,124000,12,12,1.0,0,0,,0.0,0,
2023-09-19,-,일반배송,1,35000,0,0,,3,0,,7.016211419753087,0,0.0
2023-09-18,-,일반배송,4,134000,3,2,0.6666666666666666,0,0,,0.0,0,
2023-09-17,-,일반배송,1,96000,0,0,,0,0,,0.0,0,
2023-09-16,-,일반배송,10,220000,0,0,,1,0,,5.0,0,0.0
2023-09-15,-,일반배송,1,22000,1,0,0.0,0,0,,0.0,0,
2023-09-14,-,일반배송,1,14000,0,0,,2,0,,3.8947280092592593,0,0.0
2023-09-13,-,일반배송,2,296000,2,1,0.5,5,0,,1.678597222222222,5,1.0
2023-09-12,-,일반배송,1,20000,5,5,1.0,3,0,,1.5979783950617286,3,1.0
2023-09-11,-,일반배송,4,154000,3,3,1.0,0,0,,0.0,0,
2023-09-10,-,일반배송,3,313000,0,0,,0,0,,0.0,0,
2023-09-09,-,일반배송,1,22000,0,0,,1,0,,0.9899074074074075,1,1.0
2023-09-08,-,일반배송,3,188000,1,1,1.0,0,0,,0.0,0,
2023-09-07,-,일반배송,0,0,0,0,,3,0,,2.2028395061728396,2,0.6666666666666666
2023-09-06,-,일반배송,4,176000,3,3,1.0,1,0,,2.9514467592592593,0,0.0
2023-09-05,-,일반배송,1,62000,1,1,1.0,7,0,,1.6285135582010584,7,1.0
2023-09-04,-,일반배송,2,52000,7,7,1.0,0,0,,0.0,0,
2023-09-02,-,일반배송,3,62000,0,0,,1,0,,1.125173611111111,1,1.0
2023-09-01,-,일반배송,6,509000,1,1,1.0,1,0,,1.969375,1,1.0
2023-08-31,-,일반배송,1,20000,1,1,1.0,1,0,,1.6605902777777777,1,1.0
2023-08-30,-,일반배송,3,137000,1,1,1.0,0,0,,0.0,0,
2023-08-26,-,일반배송,0,0,0,0,,1,0,,1.0511342592592594,1,1.0
2023-08-25,-,일반배송,0,0,1,1,1.0,1,0,,0.9796296296296297,1,1.0
2023-08-24,-,일반배송,5,321000,1,1,1.0,2,0,,1.6694502314814814,2,1.0
2023-08-23,-,일반배송,0,0,2,2,1.0,3,0,,2.5566319444444443,0,0.0
2023-08-22,-,일반배송,2,51000,0,0,,3,0,,1.7899498456790122,3,1.0
2023-08-21,-,일반배송,0,0,6,6,1.0,0,0,,0.0,0,
2023-08-20,-,일반배송,3,75000,0,0,,0,0,,0.0,0,
2023-08-19,-,일반배송,1,140000,0,0,,1,0,,0.5088425925925926,1,1.0
2023-08-18,-,일반배송,3,112000,1,1,1.0,2,0,,1.8346180555555556,2,1.0
2023-08-17,-,일반배송,0,0,2,2,1.0,2,0,,2.017314814814815,1,0.5
2023-08-16,-,일반배송,3,121000,2,2,1.0,3,0,,1.520914351851852,3,1.0
2023-08-15,-,일반배송,0,0,3,3,1.0,0,0,,0.0,0,
2023-08-14,-,일반배송,1,31000,0,0,,0,0,,0.0,0,
2023-08-13,-,일반배송,3,75000,0,0,,0,0,,0.0,0,
2023-08-12,-,일반배송,0,0,0,0,,3,0,,0.5885262345679012,3,1.0
2023-08-11,-,일반배송,3,90000,3,3,1.0,3,0,,1.2355555555555555,3,1.0
2023-08-10,-,일반배송,2,39000,3,3,1.0,0,0,,0.0,0,
2023-08-09,-,일반배송,0,0,0,0,,2,0,,1.2818518518518518,2,1.0
2023-08-08,-,일반배송,2,47400,2,2,1.0,2,0,,1.663599537037037,2,1.0
2023-08-07,-,일반배송,0,0,2,2,1.0,0,0,,0.0,0,
2023-08-06,-,일반배송,2,51000,0,0,,0,0,,0.0,0,
2023-08-05,-,일반배송,1,21000,0,0,,0,0,,0.0,0,
2023-08-04,-,일반배송,2,78000,0,0,,2,0,,1.8720543981481483,2,1.0
2023-08-03,-,일반배송,0,0,2,2,1.0,1,0,,0.942974537037037,1,1.0
2023-08-02,-,일반배송,3,92000,1,1,1.0,2,0,,6.298113425925926,0,0.0
2023-08-01,-,일반배송,0,0,2,0,0.0,0,0,,0.0,0,
2023-07-28,-,일반배송,3,69400,4,4,1.0,1,0,,1.7457060185185185,1,1.0
2023-07-27,-,일반배송,1,62000,1,1,1.0,6,0,,1.5390393518518517,6,1.0
2023-07-26,-,일반배송,3,194000,6,6,1.0,6,0,,1.836886574074074,5,0.8333333333333334
2023-07-25,-,일반배송,7,204000,0,0,,2,0,,1.5907060185185184,2,1.0
2023-07-24,-,일반배송,6,246000,3,3,1.0,0,0,,0.0,0,
2023-07-23,-,일반배송,1,200000,0,0,,0,0,,0.0,0,
2023-07-22,-,일반배송,0,0,0,0,,1,0,,1.1832291666666668,1,1.0
2023-07-21,-,일반배송,0,0,1,1,1.0,0,0,,0.0,0,
2023-07-20,-,일반배송,1,22000,0,0,,0,0,,0.0,0,
2023-07-19,-,일반배송,0,0,0,0,,2,0,,2.416423611111111,0,0.0
2023-07-17,-,일반배송,1,75000,2,2,1.0,0,0,,0.0,0,
2024-06-29,09시,일반배송,1,489000,0,0,,0,0,,0.0,0,
2024-06-29,13시,일반배송,0,0,0,0,,2,0,,4.399322916666667,0,0.0
2024-06-28,13시,일반배송,0,0,2,0,0.0,0,0,,0.0,0,
2024-06-27,22시,일반배송,1,126400,0,0,,0,0,,0.0,0,
2024-06-27,11시,일반배송,0,0,0,0,,2,0,,0.8537731481481482,2,1.0
2024-06-27,12시,일반배송,0,0,0,0,,1,0,,0.9626273148148149,1,1.0
2024-06-27,14시,일반배송,0,0,0,0,,1,0,,1.6711689814814814,1,1.0
2024-06-27,16시,일반배송,0,0,0,0,,2,0,,1.9793287037037037,1,0.5
2024-06-27,23시,일반배송,0,0,0,0,,1,0,,2.6428587962962964,0,0.0
2024-06-26,14시,일반배송,2,42000,0,0,,0,0,,0.0,0,
2024-06-26,13시,일반배송,1,27000,0,0,,2,0,,2.553148148148148,0,0.0
2024-06-26,10시,일반배송,0,0,0,0,,1,0,,2.4309606481481483,0,0.0
2024-06-26,11시,일반배송,0,0,0,0,,5,0,,2.164384259259259,2,0.4
2024-06-26,16시,일반배송,0,0,7,7,1.0,6,0,,1.9582098765432099,2,0.3333333333333333
2024-06-26,18시,일반배송,0,0,0,0,,1,0,,2.4598958333333334,0,0.0
2024-06-25,15시,일반배송,1,219500,0,0,,0,0,,0.0,0,
2024-06-25,17시,일반배송,1,23500,15,15,1.0,0,0,,0.0,0,
2024-06-25,20시,일반배송,1,959000,0,0,,0,0,,0.0,0,
2024-06-25,22시,일반배송,1,14000,0,0,,0,0,,0.0,0,
2024-06-25,07시,일반배송,1,19600,0,0,,0,0,,0.0,0,
2024-06-25,11시,일반배송,0,0,0,0,,2,0,,2.3513425925925926,0,0.0
2024-06-25,13시,일반배송,0,0,0,0,,2,0,,0.9666782407407407,2,1.0
2024-06-25,18시,일반배송,0,0,0,0,,1,0,,3.3781712962962964,0,0.0
2024-06-25,23시,일반배송,0,0,0,0,,1,0,,6.4827662037037035,0,0.0
2024-06-24,14시,일반배송,5,1221100,0,0,,0,0,,0.0,0,
2024-06-24,18시,일반배송,2,36000,0,0,,0,0,,0.0,0,
2024-06-24,01시,일반배송,2,139400,0,0,,0,0,,0.0,0,
2024-06-24,07시,일반배송,1,97000,0,0,,0,0,,0.0,0,
2024-06-24,17시,일반배송,0,0,6,5,0.8333333333333334,0,0,,0.0,0,
2024-06-23,22시,일반배송,4,408000,0,0,,0,0,,0.0,0,
2024-06-23,15시,일반배송,1,121500,0,0,,0,0,,0.0,0,
2024-06-23,08시,일반배송,1,269500,0,0,,0,0,,0.0,0,
2024-06-22,20시,일반배송,1,342000,0,0,,0,0,,0.0,0,
2024-06-22,13시,일반배송,0,0,0,0,,1,0,,0.5412731481481482,1,1.0
2024-06-21,10시,일반배송,1,48000,0,0,,0,0,,0.0,0,
2024-06-21,11시,일반배송,1,269500,0,0,,0,0,,0.0,0,
2024-06-21,14시,일반배송,1,101900,0,0,,1,0,,2.8636111111111116,0,0.0
2024-06-21,13시,일반배송,0,0,0,0,,1,0,,7.628043981481482,0,0.0
2024-06-21,15시,일반배송,0,0,1,1,1.0,0,0,,0.0,0,
2024-06-21,16시,일반배송,0,0,0,0,,1,0,,1.6984722222222224,1,1.0
2024-06-21,18시,일반배송,0,0,0,0,,1,0,,2.2018518518518517,0,0.0
2024-06-20,19시,일반배송,1,1714000,0,0,,0,0,,0.0,0,
2024-06-20,09시,일반배송,1,308700,0,0,,0,0,,0.0,0,
2024-06-20,14시,일반배송,0,0,4,3,0.75,0,0,,0.0,0,
2024-06-19,13시,일반배송,1,245000,0,0,,0,0,,0.0,0,
2024-06-19,23시,일반배송,1,48000,0,0,,0,0,,0.0,0,
2024-06-19,12시,일반배송,0,0,0,0,,1,0,,1.877523148148148,1,1.0
2024-06-19,16시,일반배송,0,0,0,0,,1,0,,2.24125,0,0.0
2024-06-18,17시,일반배송,1,170500,0,0,,0,0,,0.0,0,
2024-06-18,11시,일반배송,0,0,0,0,,2,0,,4.03197337962963,0,0.0
2024-06-18,13시,일반배송,0,0,0,0,,2,0,,3.3423900462962965,0,0.0
2024-06-18,15시,일반배송,0,0,2,2,1.0,0,0,,0.0,0,
2024-06-17,10시,일반배송,1,294000,0,0,,0,0,,0.0,0,
2024-06-17,11시,일반배송,1,49000,0,0,,0,0,,0.0,0,
2024-06-17,15시,일반배송,1,312600,0,0,,0,0,,0.0,0,
2024-06-17,13시,일반배송,0,0,4,4,1.0,0,0,,0.0,0,
2024-06-15,11시,일반배송,0,0,0,0,,1,0,,6.32869212962963,0,0.0
2024-06-15,12시,일반배송,0,0,0,0,,1,0,,2.321550925925926,0,0.0
2024-06-14,22시,일반배송,1,19600,0,0,,0,0,,0.0,0,
2024-06-14,10시,일반배송,0,0,0,0,,1,0,,8.443530092592592,0,0.0
2024-06-14,12시,일반배송,0,0,2,1,0.5,0,0,,0.0,0,
2024-06-14,16시,일반배송,0,0,0,0,,1,0,,4.001192129629629,0,0.0
2024-06-13,22시,일반배송,1,48000,0,0,,0,0,,0.0,0,
2024-06-13,11시,일반배송,0,0,0,0,,2,0,,2.870219907407407,0,0.0
2024-06-13,16시,일반배송,0,0,0,0,,2,0,,3.1320775462962964,0,0.0
2024-06-13,17시,일반배송,0,0,2,1,0.5,0,0,,0.0,0,
2024-06-12,10시,일반배송,2,195000,0,0,,0,0,,0.0,0,
2024-06-12,11시,일반배송,1,1763000,0,0,,1,0,,6.464918981481482,0,0.0
2024-06-12,13시,일반배송,1,49000,0,0,,0,0,,0.0,0,
2024-06-12,16시,일반배송,1,979000,0,0,,0,0,,0.0,0,
2024-06-12,17시,일반배송,0,0,4,4,1.0,0,0,,0.0,0,
2024-06-11,22시,일반배송,1,62700,0,0,,0,0,,0.0,0,
2024-06-11,13시,일반배송,0,0,0,0,,1,0,,1.5496180555555554,1,1.0
2024-06-11,15시,일반배송,0,0,1,0,0.0,0,0,,0.0,0,
2024-06-11,16시,일반배송,0,0,0,0,,3,0,,2.5667901234567903,1,0.3333333333333333
2024-06-11,18시,일반배송,0,0,0,0,,1,0,,2.7671180555555552,0,0.0
2024-06-10,12시,일반배송,2,637000,0,0,,0,0,,0.0,0,
2024-06-10,14시,일반배송,2,71000,0,0,,0,0,,0.0,0,
2024-06-10,13시,일반배송,1,392000,0,0,,0,0,,0.0,0,
2024-06-10,16시,일반배송,1,4900,0,0,,0,0,,0.0,0,
2024-06-10,10시,일반배송,0,0,0,0,,1,0,,1.06125,1,1.0
2024-06-10,15시,일반배송,0,0,5,5,1.0,0,0,,0.0,0,
2024-06-09,18시,일반배송,1,21000,0,0,,0,0,,0.0,0,
2024-06-09,09시,일반배송,1,49000,0,0,,0,0,,0.0,0,
2024-06-08,11시,일반배송,0,0,0,0,,1,0,,0.6250694444444445,1,1.0
2024-06-08,13시,일반배송,0,0,0,0,,1,0,,0.4659259259259259,1,1.0
2024-06-08,16시,일반배송,0,0,0,0,,5,0,,1.7245046296296296,4,0.8
2024-06-07,12시,일반배송,1,107800,0,0,,0,0,,0.0,0,
2024-06-07,09시,일반배송,1,14700,0,0,,0,0,,0.0,0,
2024-06-07,17시,일반배송,0,0,8,8,1.0,0,0,,0.0,0,
2024-06-06,16시,일반배송,2,296500,0,0,,0,0,,0.0,0,
2024-06-06,11시,일반배송,1,121500,0,0,,0,0,,0.0,0,
2024-06-05,11시,일반배송,2,108000,0,0,,0,0,,0.0,0,
2024-06-05,16시,일반배송,2,220500,0,0,,2,0,,1.742546296296296,1,0.5
2024-06-05,15시,일반배송,1,88200,0,0,,1,0,,2.6153703703703703,0,0.0
2024-06-04,09시,일반배송,1,40000,0,0,,0,0,,0.0,0,
2024-06-04,14시,일반배송,0,0,3,3,1.0,0,0,,0.0,0,
2024-06-04,15시,일반배송,0,0,0,0,,2,0,,1.9215682870370372,1,0.5
2024-06-04,18시,일반배송,0,0,0,0,,1,0,,1.7665162037037037,1,1.0
2024-06-03,10시,일반배송,2,513500,0,0,,0,0,,0.0,0,
2024-06-03,00시,일반배송,1,670300,0,0,,0,0,,0.0,0,
2024-06-03,15시,일반배송,0,0,3,3,1.0,0,0,,0.0,0,
2024-06-02,13시,일반배송,1,979000,0,0,,0,0,,0.0,0,
2024-06-02,15시,일반배송,1,440000,0,0,,0,0,,0.0,0,
2024-06-02,17시,일반배송,1,72500,0,0,,0,0,,0.0,0,
2024-06-01,16시,일반배송,1,209000,0,0,,0,0,,0.0,0,
2024-06-01,08시,일반배송,1,59000,0,0,,0,0,,0.0,0,
2024-05-31,11시,일반배송,1,525000,0,0,,0,0,,0.0,0,
2024-05-31,13시,일반배송,0,0,0,0,,2,0,,4.852702546296296,0,0.0
2024-05-30,13시,일반배송,0,0,0,0,,4,0,,10.279953703703704,0,0.0
2024-05-30,08시,일반배송,0,0,2,0,0.0,0,0,,0.0,0,
2024-05-30,09시,일반배송,0,0,0,0,,1,0,,3.3816087962962964,0,0.0
2024-05-29,13시,일반배송,0,0,0,0,,1,0,,0.9879513888888889,1,1.0
2024-05-29,16시,일반배송,0,0,5,3,0.6,0,0,,0.0,0,
2024-05-29,23시,일반배송,0,0,0,0,,1,0,,3.328622685185185,0,0.0
2024-05-28,13시,일반배송,1,14700,1,1,1.0,1,0,,1.5610416666666669,1,1.0
2024-05-28,12시,일반배송,0,0,0,0,,1,0,,2.5322916666666666,0,0.0
2024-05-28,16시,일반배송,0,0,0,0,,2,0,,1.8910243055555556,1,0.5
2024-05-28,18시,일반배송,0,0,1,1,1.0,0,0,,0.0,0,
2024-05-27,20시,일반배송,2,139000,0,0,,0,0,,0.0,0,
2024-05-27,14시,일반배송,0,0,1,1,1.0,0,0,,0.0,0,
2024-05-27,18시,일반배송,0,0,3,3,1.0,0,0,,0.0,0,
2024-05-26,11시,일반배송,1,416500,0,0,,0,0,,0.0,0,
2024-05-26,15시,일반배송,1,67600,0,0,,0,0,,0.0,0,
2024-05-26,20시,일반배송,1,479000,0,0,,0,0,,0.0,0,
2024-05-25,13시,일반배송,0,0,0,0,,2,0,,0.8804456018518518,2,1.0
2024-05-24,16시,일반배송,2,114100,2,2,1.0,0,0,,0.0,0,
2024-05-24,10시,일반배송,1,87200,0,0,,0,0,,0.0,0,
2024-05-24,13시,일반배송,1,480000,0,0,,0,0,,0.0,0,
2024-05-24,15시,일반배송,1,146000,0,0,,0,0,,0.0,0,
2024-05-23,19시,일반배송,1,40000,0,0,,0,0,,0.0,0,
2024-05-23,23시,일반배송,1,55000,0,0,,0,0,,0.0,0,
2024-05-23,11시,일반배송,0,0,0,0,,1,0,,1.9348842592592594,1,1.0
2024-05-23,13시,일반배송,0,0,0,0,,1,0,,3.547511574074074,0,0.0
2024-05-23,16시,일반배송,0,0,0,0,,1,0,,2.2452314814814813,0,0.0
2024-05-22,10시,일반배송,0,0,0,0,,1,0,,1.8016435185185184,1,1.0
2024-05-22,12시,일반배송,0,0,1,1,1.0,0,0,,0.0,0,
2024-05-22,13시,일반배송,0,0,0,0,,2,0,,2.5485069444444446,0,0.0
2024-05-22,14시,일반배송,0,0,0,0,,1,0,,2.5911689814814816,0,0.0
2024-05-22,15시,일반배송,0,0,2,2,1.0,0,0,,0.0,0,
2024-05-22,16시,일반배송,0,0,0,0,,2,0,,2.6759606481481484,0,0.0
2024-05-21,10시,일반배송,1,22000,0,0,,0,0,,0.0,0,
2024-05-21,12시,일반배송,1,149000,0,0,,0,0,,0.0,0,
2024-05-21,11시,일반배송,0,0,0,0,,2,0,,3.3450462962962964,1,0.5
2024-05-21,16시,일반배송,0,0,0,0,,2,0,,3.653877314814815,0,0.0
2024-05-21,17시,일반배송,0,0,0,0,,1,0,,2.1451967592592593,0,0.0
2024-05-21,19시,일반배송,0,0,6,6,1.0,0,0,,0.0,0,
2024-05-20,15시,일반배송,1,440000,0,0,,0,0,,0.0,0,
2024-05-20,23시,일반배송,1,28400,0,0,,0,0,,0.0,0,
2024-05-20,19시,일반배송,0,0,5,3,0.6,0,0,,0.0,0,
2024-05-19,21시,일반배송,2,122000,0,0,,0,0,,0.0,0,
2024-05-19,11시,일반배송,1,48000,0,0,,0,0,,0.0,0,
2024-05-19,20시,일반배송,1,479000,0,0,,0,0,,0.0,0,
2024-05-18,14시,일반배송,1,126400,0,0,,0,0,,0.0,0,
2024-05-18,20시,일반배송,1,101900,0,0,,0,0,,0.0,0,
2024-05-18,10시,일반배송,0,0,0,0,,5,0,,2.3269675925925926,0,0.0
2024-05-18,11시,일반배송,0,0,0,0,,1,0,,1.3225347222222223,1,1.0
2024-05-18,13시,일반배송,0,0,0,0,,1,0,,1.3186574074074073,1,1.0
2024-05-18,16시,일반배송,0,0,0,0,,1,0,,1.3211921296296296,1,1.0
2024-05-18,17시,일반배송,0,0,0,0,,1,0,,1.32,1,1.0
2024-05-17,13시,일반배송,1,24500,0,0,,2,0,,3.5574305555555554,0,0.0
2024-05-17,15시,일반배송,1,40000,0,0,,0,0,,0.0,0,
2024-05-17,16시,일반배송,1,2591000,0,0,,4,0,,4.268787615740741,0,0.0
2024-05-17,12시,일반배송,0,0,9,9,1.0,0,0,,0.0,0,
2024-05-17,17시,일반배송,0,0,0,0,,1,0,,3.2596875,0,0.0
2024-05-17,23시,일반배송,0,0,0,0,,1,0,,3.449965277777778,0,0.0
2024-05-16,16시,일반배송,4,188000,0,0,,0,0,,0.0,0,
2024-05-16,13시,일반배송,0,0,0,0,,1,0,,5.540555555555556,0,0.0
2024-05-16,18시,일반배송,0,0,8,7,0.875,0,0,,0.0,0,
2024-05-14,16시,일반배송,5,244600,0,0,,0,0,,0.0,0,
2024-05-14,11시,일반배송,0,0,0,0,,1,0,,13.97607638888889,0,0.0
2024-05-14,13시,일반배송,0,0,0,0,,3,0,,6.701331018518519,2,0.6666666666666666
2024-05-14,18시,일반배송,0,0,0,0,,1,0,,3.11375,0,0.0
2024-05-14,19시,일반배송,0,0,2,0,0.0,0,0,,0.0,0,
2024-05-13,11시,일반배송,1,47000,0,0,,0,0,,0.0,0,
2024-05-13,12시,일반배송,1,121500,0,0,,0,0,,0.0,0,
2024-05-13,13시,일반배송,1,244000,0,0,,0,0,,0.0,0,
2024-05-13,22시,일반배송,1,82300,0,0,,0,0,,0.0,0,
2024-05-13,09시,일반배송,1,57800,0,0,,0,0,,0.0,0,
2024-05-13,18시,일반배송,0,0,5,3,0.6,0,0,,0.0,0,
2024-05-11,23시,일반배송,4,489100,0,0,,0,0,,0.0,0,
2024-05-11,15시,일반배송,2,42200,0,0,,0,0,,0.0,0,
2024-05-11,10시,일반배송,0,0,0,0,,2,0,,1.5897916666666667,1,0.5
2024-05-11,13시,일반배송,0,0,0,0,,3,0,,0.36983796296296295,3,1.0
2024-05-11,18시,일반배송,0,0,0,0,,2,0,,2.4800636574074075,1,0.5
2024-05-10,15시,일반배송,3,20800,0,0,,0,0,,0.0,0,
2024-05-10,00시,일반배송,1,20000,0,0,,0,0,,0.0,0,
2024-05-10,10시,일반배송,1,49000,0,0,,0,0,,0.0,0,
2024-05-10,14시,일반배송,0,0,0,0,,1,0,,1.7015740740740741,1,1.0
2024-05-10,16시,일반배송,0,0,0,0,,5,0,,2.716486111111111,1,0.2
2024-05-10,17시,일반배송,0,0,0,0,,1,0,,1.861273148148148,1,1.0
2024-05-10,18시,일반배송,0,0,7,6,0.8571428571428571,1,0,,2.164733796296296,0,0.0
2024-05-10,23시,일반배송,0,0,0,0,,1,0,,4.933518518518519,0,0.0
2024-05-09,15시,일반배송,1,322400,0,0,,0,0,,0.0,0,
2024-05-09,07시,일반배송,1,195000,0,0,,0,0,,0.0,0,
2024-05-09,13시,일반배송,0,0,0,0,,7,0,,2.1940542328042327,5,0.7142857142857143
2024-05-09,16시,일반배송,0,0,0,0,,4,0,,2.3181105324074074,1,0.25
2024-05-09,18시,일반배송,0,0,0,0,,1,0,,2.764918981481481,0,0.0
2024-05-09,20시,일반배송,0,0,9,9,1.0,0,0,,0.0,0,
2024-05-08,00시,일반배송,1,342000,0,0,,0,0,,0.0,0,
2024-05-08,14시,일반배송,1,391000,0,0,,2,0,,1.5879166666666666,2,1.0
2024-05-08,20시,일반배송,1,23500,0,0,,0,0,,0.0,0,
2024-05-08,21시,일반배송,1,32000,0,0,,0,0,,0.0,0,
2024-05-08,09시,일반배송,1,24500,0,0,,0,0,,0.0,0,
2024-05-08,11시,일반배송,0,0,0,0,,1,0,,1.4866898148148149,1,1.0
2024-05-08,15시,일반배송,0,0,0,0,,1,0,,1.6330208333333334,1,1.0
2024-05-08,16시,일반배송,0,0,12,12,1.0,5,0,,5.943236111111111,2,0.4
2024-05-08,18시,일반배송,0,0,0,0,,1,0,,6.975578703703704,0,0.0
2024-05-07,20시,일반배송,5,50500,0,0,,0,0,,0.0,0,
2024-05-07,16시,일반배송,3,554000,0,0,,0,0,,0.0,0,
2024-05-07,17시,일반배송,3,241000,0,0,,0,0,,0.0,0,
2024-05-07,19시,일반배송,3,26900,0,0,,0,0,,0.0,0,
2024-05-07,00시,일반배송,2,83700,0,0,,0,0,,0.0,0,
2024-05-07,11시,일반배송,0,0,2,0,0.0,0,0,,0.0,0,
2024-05-07,13시,일반배송,0,0,1,1,1.0,0,0,,0.0,0,
2024-05-07,18시,일반배송,0,0,6,6,1.0,0,0,,0.0,0,
2024-05-06,11시,일반배송,1,529000,0,0,,0,0,,0.0,0,
2024-05-06,12시,일반배송,1,527000,0,0,,0,0,,0.0,0,
2024-05-06,16시,일반배송,1,111000,0,0,,0,0,,0.0,0,
2024-05-06,22시,일반배송,0,0,1,0,0.0,0,0,,0.0,0,
2024-05-05,11시,일반배송,1,690000,0,0,,0,0,,0.0,0,
2024-05-05,14시,일반배송,1,146000,0,0,,0,0,,0.0,0,
2024-05-05,16시,일반배송,1,219500,0,0,,0,0,,0.0,0,
2024-05-05,17시,일반배송,1,28000,0,0,,0,0,,0.0,0,
2024-05-04,13시,일반배송,4,75000,0,0,,1,0,,1.5127662037037037,1,1.0
2024-05-04,23시,일반배송,2,106000,0,0,,0,0,,0.0,0,
2024-05-04,16시,일반배송,1,293000,0,0,,0,0,,0.0,0,
2024-05-04,08시,일반배송,1,810000,0,0,,0,0,,0.0,0,
2024-05-04,09시,일반배송,0,0,0,0,,1,0,,2.0,1,1.0
2024-05-03,00시,일반배송,1,49000,0,0,,0,0,,0.0,0,
2024-05-03,13시,일반배송,0,0,0,0,,1,0,,1.5530439814814816,1,1.0
2024-05-03,14시,일반배송,0,0,2,2,1.0,0,0,,0.0,0,
2024-05-03,16시,일반배송,0,0,0,0,,1,0,,5.886018518518519,0,0.0
2024-05-03,18시,일반배송,0,0,0,0,,1,0,,1.7573611111111112,1,1.0
2024-05-02,16시,일반배송,2,500000,0,0,,0,0,,0.0,0,
2024-05-02,11시,일반배송,1,98000,0,0,,0,0,,0.0,0,
2024-05-02,15시,일반배송,1,65000,0,0,,0,0,,0.0,0,
2024-05-02,13시,일반배송,0,0,0,0,,1,0,,18.174641203703704,0,0.0
2024-05-02,14시,일반배송,0,0,3,2,0.6666666666666666,0,0,,0.0,0,
2024-05-01,13시,일반배송,2,313000,0,0,,2,0,,0.9171180555555556,2,1.0
2024-05-01,11시,일반배송,1,294000,0,0,,1,0,,1.3653935185185186,1,1.0
2024-05-01,14시,일반배송,1,97000,1,0,0.0,0,0,,0.0,0,
2024-04-30,10시,일반배송,1,19600,0,0,,0,0,,0.0,0,
2024-04-30,11시,일반배송,0,0,0,0,,1,0,,6.489826388888889,0,0.0
2024-04-30,16시,일반배송,0,0,0,0,,1,0,,1.677523148148148,1,1.0
2024-04-30,17시,일반배송,0,0,3,3,1.0,0,0,,0.0,0,
2024-04-29,15시,일반배송,1,50000,0,0,,0,0,,0.0,0,
2024-04-29,17시,일반배송,1,949000,0,0,,0,0,,0.0,0,
2024-04-29,14시,일반배송,0,0,2,1,0.5,0,0,,0.0,0,
2024-04-27,11시,일반배송,1,20000,0,0,,0,0,,0.0,0,
2024-04-27,13시,일반배송,0,0,0,0,,1,0,,3.2026041666666667,0,0.0
2024-04-27,16시,일반배송,0,0,0,0,,1,0,,0.5428587962962963,1,1.0
2024-04-26,10시,일반배송,1,245000,0,0,,0,0,,0.0,0,
2024-04-26,11시,일반배송,0,0,0,0,,4,0,,7.543538773148149,1,0.25
2024-04-26,13시,일반배송,0,0,0,0,,1,0,,2.0347916666666666,0,0.0
2024-04-26,17시,일반배송,0,0,2,2,1.0,0,0,,0.0,0,
2024-04-25,18시,일반배송,1,48000,0,0,,0,0,,0.0,0,
2024-04-25,15시,일반배송,0,0,0,0,,3,0,,2.1316666666666664,0,0.0
2024-04-25,16시,일반배송,0,0,5,2,0.4,1,0,,1.7773611111111112,1,1.0
2024-04-24,12시,일반배송,1,719000,0,0,,0,0,,0.0,0,
2024-04-24,18시,일반배송,1,4900,0,0,,0,0,,0.0,0,
2024-04-24,19시,일반배송,1,195000,0,0,,0,0,,0.0,0,
2024-04-24,11시,일반배송,0,0,4,4,1.0,1,0,,1.0336574074074074,1,1.0
2024-04-24,13시,일반배송,0,0,0,0,,1,0,,1.713587962962963,1,1.0
2024-04-24,16시,일반배송,0,0,0,0,,1,0,,2.7051620370370366,0,0.0
2024-04-24,06시,일반배송,0,0,0,0,,1,0,,2.276550925925926,0,0.0
2024-04-24,08시,일반배송,0,0,0,0,,2,0,,2.3446296296296296,0,0.0
2024-04-23,12시,일반배송,3,76000,0,0,,2,0,,1.579837962962963,2,1.0
2024-04-23,10시,일반배송,1,385000,0,0,,0,0,,0.0,0,
2024-04-23,11시,일반배송,1,385000,0,0,,0,0,,0.0,0,
2024-04-23,19시,일반배송,1,575000,0,0,,0,0,,0.0,0,
2024-04-23,21시,일반배송,1,20000,0,0,,0,0,,0.0,0,
2024-04-23,15시,일반배송,0,0,0,0,,1,0,,1.2558217592592593,1,1.0
2024-04-23,16시,일반배송,0,0,3,3,1.0,0,0,,0.0,0,
2024-04-22,12시,일반배송,1,575000,0,0,,0,0,,0.0,0,
2024-04-22,20시,일반배송,1,195000,0,0,,0,0,,0.0,0,
2024-04-22,08시,일반배송,1,87200,0,0,,0,0,,0.0,0,
2024-04-22,11시,일반배송,0,0,0,0,,1,0,,0.736261574074074,1,1.0
2024-04-22,18시,일반배송,0,0,7,6,0.8571428571428571,0,0,,0.0,0,
2024-04-21,13시,일반배송,3,62000,0,0,,0,0,,0.0,0,
2024-04-21,16시,일반배송,1,27000,0,0,,0,0,,0.0,0,
2024-04-21,18시,일반배송,1,126400,0,0,,0,0,,0.0,0,
2024-04-20,10시,일반배송,1,21000,0,0,,0,0,,0.0,0,
2024-04-20,14시,일반배송,1,220500,0,0,,0,0,,0.0,0,
2024-04-20,12시,일반배송,0,0,0,0,,1,0,,2.9157638888888893,0,0.0
2024-04-20,16시,일반배송,0,0,0,0,,1,0,,0.5258796296296296,1,1.0
2024-04-20,09시,일반배송,0,0,0,0,,1,0,,0.979363425925926,1,1.0
2024-04-19,00시,일반배송,1,24500,0,0,,0,0,,0.0,0,
2024-04-19,11시,일반배송,1,97000,0,0,,0,0,,0.0,0,
2024-04-19,17시,일반배송,1,62700,0,0,,0,0,,0.0,0,
2024-04-19,21시,일반배송,1,32000,0,0,,0,0,,0.0,0,
2024-04-19,13시,일반배송,0,0,0,0,,1,0,,14.067384259259258,0,0.0
2024-04-19,15시,일반배송,0,0,3,3,1.0,0,0,,0.0,0,
2024-04-19,19시,일반배송,0,0,1,1,1.0,0,0,,0.0,0,
2024-04-18,11시,일반배송,0,0,0,0,,1,0,,1.3745949074074073,1,1.0
2024-04-18,12시,일반배송,0,0,0,0,,1,0,,1.3662152777777778,1,1.0
2024-04-18,15시,일반배송,0,0,1,0,0.0,0,0,,0.0,0,
2024-04-17,02시,일반배송,2,528000,0,0,,0,0,,0.0,0,
2024-04-17,13시,일반배송,1,527000,0,0,,0,0,,0.0,0,
2024-04-17,20시,일반배송,1,137200,0,0,,0,0,,0.0,0,
2024-04-17,04시,일반배송,1,372400,0,0,,0,0,,0.0,0,
2024-04-17,14시,일반배송,0,0,2,2,1.0,0,0,,0.0,0,
2024-04-17,17시,일반배송,0,0,0,0,,1,0,,10.165972222222221,0,0.0
2024-04-16,14시,일반배송,0,0,1,0,0.0,0,0,,0.0,0,
2024-04-16,15시,일반배송,0,0,0,0,,2,0,,1.8781944444444445,2,1.0
2024-04-16,18시,일반배송,0,0,0,0,,1,0,,10.750266203703703,0,0.0
2024-04-15,19시,일반배송,1,767000,0,0,,0,0,,0.0,0,
2024-04-15,14시,일반배송,0,0,3,2,0.6666666666666666,0,0,,0.0,0,
2024-04-14,19시,일반배송,3,100400,0,0,,0,0,,0.0,0,
2024-04-13,13시,일반배송,0,0,0,0,,1,0,,1.6968287037037035,1,1.0
2024-04-13,15시,일반배송,0,0,0,0,,1,0,,3.047407407407407,0,0.0
2024-04-12,18시,일반배송,2,566000,0,0,,0,0,,0.0,0,
2024-04-12,13시,일반배송,0,0,0,0,,3,0,,1.550644290123457,3,1.0
2024-04-12,15시,일반배송,0,0,2,2,1.0,0,0,,0.0,0,
2024-04-12,16시,일반배송,0,0,0,0,,2,0,,1.6818344907407408,2,1.0
2024-04-11,07시,일반배송,1,415500,0,0,,0,0,,0.0,0,
2024-04-11,15시,일반배송,0,0,0,0,,2,0,,1.8837905092592593,1,0.5
2024-04-11,17시,일반배송,0,0,5,5,1.0,0,0,,0.0,0,
2024-04-10,22시,일반배송,2,149500,0,0,,0,0,,0.0,0,
2024-04-10,16시,일반배송,1,72500,0,0,,0,0,,0.0,0,
2024-04-10,23시,일반배송,1,270000,0,0,,0,0,,0.0,0,
2024-04-10,09시,일반배송,1,199900,0,0,,0,0,,0.0,0,
2024-04-09,14시,일반배송,0,0,1,1,1.0,1,0,,1.6095833333333334,1,1.0
2024-04-09,16시,일반배송,0,0,1,1,1.0,1,0,,1.6949421296296296,1,1.0
2024-04-09,18시,일반배송,0,0,0,0,,1,0,,1.3445833333333335,1,1.0
2024-04-08,22시,일반배송,2,1495000,0,0,,0,0,,0.0,0,
2024-04-08,10시,일반배송,1,94000,0,0,,0,0,,0.0,0,
2024-04-08,14시,일반배송,1,40000,3,3,1.0,0,0,,0.0,0,
2024-04-08,21시,일반배송,1,485000,0,0,,0,0,,0.0,0,
2024-04-07,17시,일반배송,1,21000,0,0,,0,0,,0.0,0,
2024-04-07,19시,일반배송,1,28400,0,0,,0,0,,0.0,0,
2024-04-05,16시,일반배송,0,0,0,0,,4,0,,2.124262152777778,3,0.75
2024-04-05,19시,일반배송,0,0,0,0,,2,0,,1.885173611111111,2,1.0
2024-04-04,00시,일반배송,4,229700,0,0,,0,0,,0.0,0,
2024-04-04,08시,일반배송,2,733000,0,0,,0,0,,0.0,0,
2024-04-04,09시,일반배송,1,38200,0,0,,0,0,,0.0,0,
2024-04-04,13시,일반배송,0,0,0,0,,1,0,,1.775150462962963,1,1.0
2024-04-04,14시,일반배송,0,0,0,0,,1,0,,1.819085648148148,1,1.0
2024-04-04,15시,일반배송,0,0,6,6,1.0,0,0,,0.0,0,
2024-04-04,18시,일반배송,0,0,0,0,,1,0,,13.762893518518519,0,0.0
2024-04-03,22시,일반배송,2,34000,0,0,,0,0,,0.0,0,
2024-04-03,14시,일반배송,0,0,3,2,0.6666666666666666,0,0,,0.0,0,
2024-04-02,18시,일반배송,2,111700,0,0,,0,0,,0.0,0,
2024-04-02,13시,일반배송,1,11000,0,0,,0,0,,0.0,0,
2024-04-02,12시,일반배송,0,0,0,0,,1,0,,1.5397916666666667,1,1.0
2024-04-02,14시,일반배송,0,0,0,0,,1,0,,1.983113425925926,1,1.0
2024-04-02,16시,일반배송,0,0,0,0,,1,0,,1.2870833333333334,1,1.0
2024-04-02,23시,일반배송,0,0,0,0,,1,0,,1.3420601851851852,1,1.0
2024-04-01,14시,일반배송,1,40000,0,0,,0,0,,0.0,0,
2024-04-01,19시,일반배송,1,32000,0,0,,0,0,,0.0,0,
2024-04-01,09시,일반배송,1,20000,0,0,,0,0,,0.0,0,
2024-04-01,12시,일반배송,0,0,1,1,1.0,1,0,,1.8583333333333334,1,1.0
2024-04-01,16시,일반배송,0,0,3,3,1.0,0,0,,0.0,0,
2024-03-31,16시,일반배송,1,575000,0,0,,0,0,,0.0,0,
2024-03-30,17시,일반배송,1,479000,0,0,,0,0,,0.0,0,
2024-03-30,19시,일반배송,1,28400,0,0,,0,0,,0.0,0,
2024-03-30,10시,일반배송,0,0,0,0,,2,0,,0.991736111111111,2,1.0
2024-03-30,16시,일반배송,0,0,0,0,,1,0,,1.1023148148148147,1,1.0
2024-03-29,12시,일반배송,1,239000,0,0,,0,0,,0.0,0,
2024-03-29,14시,일반배송,1,391000,4,4,1.0,0,0,,0.0,0,
2024-03-29,08시,일반배송,1,20000,0,0,,0,0,,0.0,0,
2024-03-29,19시,일반배송,0,0,0,0,,1,0,,2.087476851851852,0,0.0
2024-03-28,15시,일반배송,1,43100,0,0,,0,0,,0.0,0,
2024-03-28,16시,일반배송,1,39200,0,0,,0,0,,0.0,0,
2024-03-28,21시,일반배송,1,48000,0,0,,0,0,,0.0,0,
2024-03-28,14시,일반배송,0,0,1,1,1.0,0,0,,0.0,0,
2024-03-27,16시,일반배송,1,44100,0,0,,0,0,,0.0,0,
2024-03-27,10시,일반배송,0,0,0,0,,1,0,,1.8708333333333333,1,1.0
2024-03-27,18시,일반배송,0,0,0,0,,1,0,,7.731689814814815,0,0.0
2024-03-26,10시,일반배송,0,0,2,1,0.5,0,0,,0.0,0,
2024-03-26,16시,일반배송,0,0,0,0,,1,0,,1.6791435185185186,1,1.0
2024-03-26,17시,일반배송,0,0,0,0,,1,0,,1.7446064814814815,1,1.0
2024-03-26,23시,일반배송,0,0,0,0,,2,0,,4.022696759259259,0,0.0
2024-03-25,13시,일반배송,1,27000,0,0,,0,0,,0.0,0,
2024-03-25,17시,일반배송,0,0,4,3,0.75,0,0,,0.0,0,
2024-03-24,14시,일반배송,2,796500,0,0,,0,0,,0.0,0,
2024-03-22,00시,일반배송,1,106800,0,0,,0,0,,0.0,0,
2024-03-22,10시,일반배송,0,0,0,0,,1,0,,3.713518518518519,0,0.0
2024-03-22,13시,일반배송,0,0,0,0,,2,0,,1.1655266203703702,2,1.0
2024-03-22,16시,일반배송,0,0,0,0,,1,0,,2.0421527777777775,0,0.0
2024-03-21,10시,일반배송,1,195000,0,0,,0,0,,0.0,0,
2024-03-21,08시,일반배송,1,14700,0,0,,0,0,,0.0,0,
2024-03-21,15시,일반배송,0,0,4,4,1.0,0,0,,0.0,0,
2024-03-21,16시,일반배송,0,0,0,0,,1,0,,1.8993518518518517,1,1.0
2024-03-20,15시,일반배송,1,122500,0,0,,1,0,,1.8900694444444444,1,1.0
2024-03-20,10시,일반배송,0,0,0,0,,1,0,,1.144375,1,1.0
2024-03-20,11시,일반배송,0,0,0,0,,1,0,,1.5300925925925926,1,1.0
2024-03-20,13시,일반배송,0,0,1,1,1.0,0,0,,0.0,0,
2024-03-19,18시,일반배송,1,20000,0,0,,1,0,,1.7549652777777778,1,1.0
2024-03-19,20시,일반배송,1,65000,0,0,,0,0,,0.0,0,
2024-03-19,07시,일반배송,1,41000,0,0,,0,0,,0.0,0,
2024-03-19,15시,일반배송,0,0,3,3,1.0,0,0,,0.0,0,
2024-03-19,08시,일반배송,0,0,1,1,1.0,0,0,,0.0,0,
2024-03-18,00시,일반배송,1,36000,0,0,,0,0,,0.0,0,
2024-03-18,17시,일반배송,1,574000,0,0,,0,0,,0.0,0,
2024-03-18,18시,일반배송,1,14000,0,0,,0,0,,0.0,0,
2024-03-18,22시,일반배송,1,542200,0,0,,0,0,,0.0,0,
2024-03-18,19시,일반배송,0,0,0,0,,1,0,,2.0141898148148147,0,0.0
2024-03-17,15시,일반배송,1,149000,0,0,,0,0,,0.0,0,
2024-03-16,20시,일반배송,1,356700,0,0,,0,0,,0.0,0,
2024-03-16,08시,일반배송,1,293000,0,0,,0,0,,0.0,0,
2024-03-16,11시,일반배송,0,0,0,0,,1,0,,1.2143171296296296,1,1.0
2024-03-16,13시,일반배송,0,0,0,0,,2,0,,1.2615393518518518,2,1.0
2024-03-16,09시,일반배송,0,0,0,0,,1,0,,0.6567824074074075,1,1.0
2024-03-15,11시,일반배송,0,0,0,0,,3,0,,1.7153472222222224,3,1.0
2024-03-15,16시,일반배송,0,0,5,5,1.0,0,0,,0.0,0,
2024-03-14,18시,일반배송,1,3500,0,0,,0,0,,0.0,0,
2024-03-14,13시,일반배송,0,0,3,3,1.0,0,0,,0.0,0,
2024-03-13,18시,일반배송,3,107200,0,0,,1,0,,1.8992824074074075,1,1.0
2024-03-13,13시,일반배송,0,0,0,0,,1,0,,1.8146296296296296,1,1.0
2024-03-13,16시,일반배송,0,0,0,0,,1,0,,2.682141203703704,0,0.0
2024-03-12,13시,일반배송,0,0,0,0,,1,0,,1.5502662037037036,1,1.0
2024-03-12,18시,일반배송,0,0,3,3,1.0,0,0,,0.0,0,
2024-03-11,17시,일반배송,1,121500,0,0,,0,0,,0.0,0,
2024-03-11,20시,일반배송,1,20000,0,0,,0,0,,0.0,0,
2024-03-11,13시,일반배송,0,0,1,1,1.0,0,0,,0.0,0,
2024-03-10,17시,일반배송,1,440000,0,0,,0,0,,0.0,0,
2024-03-10,19시,일반배송,1,14000,0,0,,0,0,,0.0,0,
2024-03-10,20시,일반배송,1,18600,0,0,,0,0,,0.0,0,
2024-03-09,09시,일반배송,1,146000,0,0,,0,0,,0.0,0,
2024-03-09,13시,일반배송,0,0,0,0,,2,0,,0.7812152777777778,2,1.0
2024-03-09,15시,일반배송,0,0,0,0,,1,0,,0.38653935185185184,1,1.0
2024-03-08,10시,일반배송,1,39000,0,0,,0,0,,0.0,0,
2024-03-08,14시,일반배송,1,24500,2,2,1.0,1,0,,2.3008449074074075,0,0.0
2024-03-08,12시,일반배송,0,0,0,0,,1,0,,0.7944907407407408,1,1.0
2024-03-08,16시,일반배송,0,0,1,1,1.0,0,0,,0.0,0,
2024-03-08,18시,일반배송,0,0,0,0,,1,0,,2.1467708333333335,0,0.0
2024-03-07,17시,일반배송,1,77400,0,0,,0,0,,0.0,0,
2024-03-07,23시,일반배송,1,20000,0,0,,0,0,,0.0,0,
2024-03-07,10시,일반배송,0,0,0,0,,1,0,,0.8940046296296296,1,1.0
2024-03-07,11시,일반배송,0,0,0,0,,3,0,,3.0610648148148147,0,0.0
2024-03-07,15시,일반배송,0,0,2,2,1.0,0,0,,0.0,0,
2024-03-07,16시,일반배송,0,0,0,0,,1,0,,1.1344791666666667,1,1.0
2024-03-07,19시,일반배송,0,0,1,1,1.0,0,0,,0.0,0,
2024-03-06,13시,일반배송,2,171500,0,0,,4,0,,1.9899681712962964,1,0.25
2024-03-06,12시,일반배송,1,19600,0,0,,0,0,,0.0,0,
2024-03-06,14시,일반배송,1,98000,0,0,,0,0,,0.0,0,
2024-03-06,07시,일반배송,1,37000,0,0,,0,0,,0.0,0,
2024-03-06,16시,일반배송,0,0,2,2,1.0,0,0,,0.0,0,
2024-03-06,09시,일반배송,0,0,3,3,1.0,0,0,,0.0,0,
2024-03-05,11시,일반배송,0,0,0,0,,2,0,,1.303587962962963,2,1.0
2024-03-05,13시,일반배송,0,0,0,0,,3,0,,6.787808641975308,1,0.3333333333333333
2024-03-05,16시,일반배송,0,0,4,4,1.0,1,0,,2.172928240740741,0,0.0
2024-03-05,18시,일반배송,0,0,0,0,,1,0,,1.0478125,1,1.0
2024-03-04,11시,일반배송,3,549000,0,0,,0,0,,0.0,0,
2024-03-04,14시,일반배송,2,33600,5,3,0.6,0,0,,0.0,0,
2024-03-04,17시,일반배송,1,48000,0,0,,0,0,,0.0,0,
2024-03-04,20시,일반배송,1,102900,0,0,,0,0,,0.0,0,
2024-03-04,08시,일반배송,1,41000,0,0,,0,0,,0.0,0,
2024-03-04,18시,일반배송,0,0,1,1,1.0,0,0,,0.0,0,
2024-03-02,14시,일반배송,1,719000,0,0,,0,0,,0.0,0,
2024-03-02,21시,일반배송,1,122500,0,0,,0,0,,0.0,0,
2024-03-01,13시,일반배송,1,19000,0,0,,0,0,,0.0,0,
2024-03-01,09시,일반배송,0,0,0,0,,1,0,,1.4831597222222221,1,1.0
2024-02-29,11시,일반배송,1,195000,0,0,,6,0,,1.0436091820987654,6,1.0
2024-02-29,23시,일반배송,1,21000,0,0,,0,0,,0.0,0,
2024-02-29,13시,일반배송,0,0,0,0,,1,0,,1.6780439814814816,1,1.0
2024-02-29,15시,일반배송,0,0,0,0,,1,0,,1.214548611111111,1,1.0
2024-02-29,16시,일반배송,0,0,1,1,1.0,0,0,,0.0,0,
2024-02-28,10시,일반배송,6,245000,0,0,,0,0,,0.0,0,
2024-02-28,12시,일반배송,2,169500,0,0,,0,0,,0.0,0,
2024-02-28,20시,일반배송,2,42000,0,0,,0,0,,0.0,0,
2024-02-28,11시,일반배송,0,0,0,0,,1,0,,1.7300347222222223,1,1.0
2024-02-28,16시,일반배송,0,0,0,0,,3,0,,2.0610609567901235,2,0.6666666666666666
2024-02-28,17시,일반배송,0,0,6,6,1.0,0,0,,0.0,0,
2024-02-28,18시,일반배송,0,0,1,1,1.0,0,0,,0.0,0,
2024-02-28,08시,일반배송,0,0,1,1,1.0,0,0,,0.0,0,
2024-02-27,10시,일반배송,1,170500,0,0,,0,0,,0.0,0,
2024-02-27,20시,일반배송,1,40000,0,0,,0,0,,0.0,0,
2024-02-27,11시,일반배송,0,0,0,0,,1,0,,2.8964004629629634,0,0.0
2024-02-27,13시,일반배송,0,0,0,0,,3,0,,1.5571875000000002,3,1.0
2024-02-27,15시,일반배송,0,0,4,4,1.0,0,0,,0.0,0,
2024-02-27,16시,일반배송,0,0,0,0,,1,0,,1.6869328703703703,1,1.0
2024-02-26,17시,일반배송,1,479000,0,0,,0,0,,0.0,0,
2024-02-26,21시,일반배송,1,32000,0,0,,0,0,,0.0,0,
2024-02-26,22시,일반배송,1,68000,0,0,,0,0,,0.0,0,
2024-02-26,14시,일반배송,0,0,5,5,1.0,0,0,,0.0,0,
2024-02-25,19시,일반배송,3,204400,0,0,,0,0,,0.0,0,
2024-02-24,19시,일반배송,1,230000,0,0,,0,0,,0.0,0,
2024-02-24,13시,일반배송,0,0,0,0,,3,0,,0.4560648148148148,3,1.0
2024-02-23,14시,일반배송,2,49400,0,0,,0,0,,0.0,0,
2024-02-23,23시,일반배송,1,229300,0,0,,0,0,,0.0,0,
2024-02-23,09시,일반배송,1,41000,0,0,,0,0,,0.0,0,
2024-02-23,13시,일반배송,0,0,0,0,,3,0,,0.9424035493827162,3,1.0
2024-02-23,15시,일반배송,0,0,3,3,1.0,0,0,,0.0,0,
2024-02-22,15시,일반배송,2,84000,0,0,,0,0,,0.0,0,
2024-02-22,12시,일반배송,1,196000,0,0,,0,0,,0.0,0,
2024-02-22,13시,일반배송,1,68600,0,0,,1,0,,1.0502546296296296,1,1.0
2024-02-22,11시,일반배송,0,0,0,0,,2,0,,0.972025462962963,2,1.0
2024-02-22,16시,일반배송,0,0,3,3,1.0,3,0,,8.73787037037037,0,0.0
2024-02-21,12시,일반배송,2,28000,0,0,,0,0,,0.0,0,
2024-02-21,11시,일반배송,1,244000,0,0,,1,0,,1.7354282407407409,1,1.0
2024-02-21,13시,일반배송,0,0,3,0,0.0,1,0,,2.550335648148148,0,0.0
2024-02-21,14시,일반배송,0,0,3,3,1.0,0,0,,0.0,0,
2024-02-21,18시,일반배송,0,0,0,0,,1,0,,2.756851851851852,0,0.0
2024-02-20,14시,일반배송,0,0,0,0,,1,0,,2.5402662037037036,0,0.0
2024-02-20,17시,일반배송,0,0,0,0,,1,0,,2.2027199074074075,0,0.0
2024-02-20,09시,일반배송,0,0,3,3,1.0,0,0,,0.0,0,
2024-02-19,17시,일반배송,1,52900,0,0,,0,0,,0.0,0,
2024-02-19,18시,일반배송,0,0,1,1,1.0,0,0,,0.0,0,
2024-02-18,11시,일반배송,1,146000,0,0,,0,0,,0.0,0,
2024-02-18,15시,일반배송,1,480000,0,0,,0,0,,0.0,0,
2024-02-18,16시,일반배송,1,57800,0,0,,0,0,,0.0,0,
2024-02-17,13시,일반배송,0,0,0,0,,1,0,,3.2443055555555556,0,0.0
2024-02-17,18시,일반배송,0,0,0,0,,1,0,,2.5402662037037036,0,0.0
2024-02-16,10시,일반배송,0,0,1,1,1.0,0,0,,0.0,0,
2024-02-16,15시,일반배송,0,0,0,0,,2,0,,3.9793402777777778,0,0.0
2024-02-15,13시,일반배송,0,0,3,2,0.6666666666666666,0,0,,0.0,0,
2024-02-14,11시,일반배송,1,32000,0,0,,0,0,,0.0,0,
2024-02-13,11시,일반배송,1,949000,0,0,,0,0,,0.0,0,
2024-02-13,17시,일반배송,1,101900,0,0,,0,0,,0.0,0,
2024-02-13,18시,일반배송,1,14000,0,0,,0,0,,0.0,0,
2024-02-07,22시,일반배송,3,120000,0,0,,0,0,,0.0,0,
2024-02-07,14시,일반배송,1,23000,0,0,,0,0,,0.0,0,
2024-02-07,16시,일반배송,0,0,0,0,,2,0,,2.0715162037037036,0,0.0
2024-02-07,18시,일반배송,0,0,0,0,,1,0,,1.102638888888889,1,1.0
2024-02-07,20시,일반배송,0,0,0,0,,1,0,,1.3985069444444445,1,1.0
2024-02-06,10시,일반배송,1,4900,0,0,,0,0,,0.0,0,
2024-02-06,15시,일반배송,1,37000,0,0,,0,0,,0.0,0,
2024-02-06,12시,일반배송,0,0,0,0,,1,0,,2.816539351851852,0,0.0
2024-02-06,13시,일반배송,0,0,0,0,,5,0,,1.6664930555555555,4,0.8
2024-02-06,14시,일반배송,0,0,0,0,,2,0,,1.8826909722222223,1,0.5
2024-02-06,16시,일반배송,0,0,0,0,,9,0,,2.4350437242798355,4,0.4444444444444444
2024-02-06,18시,일반배송,0,0,4,4,1.0,5,0,,2.149777777777778,4,0.8
2024-02-06,20시,일반배송,0,0,0,0,,2,0,,2.561209490740741,1,0.5
2024-02-06,23시,일반배송,0,0,0,0,,1,0,,4.507291666666666,0,0.0
2024-02-05,14시,일반배송,2,52000,1,1,1.0,0,0,,0.0,0,
2024-02-05,00시,일반배송,1,58800,0,0,,0,0,,0.0,0,
2024-02-05,11시,일반배송,1,24500,0,0,,0,0,,0.0,0,
2024-02-05,08시,일반배송,0,0,19,19,1.0,0,0,,0.0,0,
2024-02-05,09시,일반배송,0,0,5,5,1.0,0,0,,0.0,0,
2024-02-04,15시,일반배송,1,134000,0,0,,0,0,,0.0,0,
2024-02-03,13시,일반배송,1,38200,0,0,,4,0,,2.7014814814814816,2,0.5
2024-02-03,01시,일반배송,1,196000,0,0,,0,0,,0.0,0,
2024-02-03,20시,일반배송,1,297000,0,0,,0,0,,0.0,0,
2024-02-03,12시,일반배송,0,0,0,0,,1,0,,0.5790046296296296,1,1.0
2024-02-03,16시,일반배송,0,0,0,0,,1,0,,1.1419328703703704,1,1.0
2024-02-02,11시,일반배송,3,81000,0,0,,0,0,,0.0,0,
2024-02-02,21시,일반배송,3,65100,0,0,,0,0,,0.0,0,
2024-02-02,17시,일반배송,2,28400,0,0,,0,0,,0.0,0,
2024-02-02,19시,일반배송,2,141000,0,0,,0,0,,0.0,0,
2024-02-02,20시,일반배송,2,151900,0,0,,0,0,,0.0,0,
2024-02-02,10시,일반배송,1,36000,0,0,,0,0,,0.0,0,
2024-02-02,15시,일반배송,1,26000,0,0,,1,0,,1.7558564814814817,1,1.0
2024-02-02,12시,일반배송,0,0,5,3,0.6,0,0,,0.0,0,
2024-02-02,13시,일반배송,0,0,0,0,,2,0,,2.8501446759259257,1,0.5
2024-02-02,18시,일반배송,0,0,1,1,1.0,0,0,,0.0,0,
2024-02-02,23시,일반배송,0,0,0,0,,1,0,,2.0640162037037038,0,0.0
2024-02-01,13시,일반배송,8,943000,0,0,,0,0,,0.0,0,
2024-02-01,10시,일반배송,1,73500,0,0,,0,0,,0.0,0,
2024-02-01,11시,일반배송,1,67600,0,0,,0,0,,0.0,0,
2024-02-01,15시,일반배송,1,66000,0,0,,0,0,,0.0,0,
2024-02-01,17시,일반배송,1,33000,0,0,,0,0,,0.0,0,
2024-02-01,20시,일반배송,1,28400,0,0,,0,0,,0.0,0,
2024-02-01,14시,일반배송,0,0,0,0,,3,0,,1.7193287037037035,3,1.0
2024-02-01,16시,일반배송,0,0,0,0,,3,0,,3.0965779320987656,0,0.0
2024-02-01,23시,일반배송,0,0,0,0,,1,0,,2.3846296296296297,0,0.0
2024-02-01,09시,일반배송,0,0,4,4,1.0,0,0,,0.0,0,
2024-01-31,21시,일반배송,2,45000,0,0,,0,0,,0.0,0,
2024-01-31,10시,일반배송,1,23500,0,0,,0,0,,0.0,0,
2024-01-31,23시,일반배송,1,39000,0,0,,0,0,,0.0,0,
2024-01-31,13시,일반배송,0,0,0,0,,2,0,,4.82953125,0,0.0
2024-01-31,17시,일반배송,0,0,7,7,1.0,2,0,,1.3273148148148148,2,1.0
2024-01-31,18시,일반배송,0,0,0,0,,1,0,,1.451412037037037,1,1.0
2024-01-30,20시,일반배송,3,75400,0,0,,0,0,,0.0,0,
2024-01-30,09시,일반배송,2,43000,0,0,,0,0,,0.0,0,
2024-01-30,13시,일반배송,1,99000,5,4,0.8,2,0,,9.953061342592592,1,0.5
2024-01-30,07시,일반배송,1,79000,0,0,,0,0,,0.0,0,
2024-01-30,18시,일반배송,0,0,0,0,,1,0,,1.7644791666666666,1,1.0
2024-01-30,19시,일반배송,0,0,0,0,,1,0,,1.831574074074074,1,1.0
2024-01-29,10시,일반배송,4,232000,0,0,,0,0,,0.0,0,
2024-01-29,11시,일반배송,2,280000,0,0,,0,0,,0.0,0,
2024-01-29,19시,일반배송,1,46000,0,0,,0,0,,0.0,0,
2024-01-29,07시,일반배송,1,48000,0,0,,0,0,,0.0,0,
2024-01-29,12시,일반배송,0,0,4,3,0.75,0,0,,0.0,0,
2024-01-28,11시,일반배송,1,48000,0,0,,0,0,,0.0,0,
2024-01-28,17시,일반배송,1,29000,0,0,,0,0,,0.0,0,
2024-01-27,14시,일반배송,1,49000,0,0,,1,0,,1.2215856481481482,1,1.0
2024-01-27,11시,일반배송,0,0,0,0,,1,0,,0.31903935185185184,1,1.0
2024-01-27,13시,일반배송,0,0,0,0,,1,0,,2.0078472222222223,0,0.0
2024-01-27,18시,일반배송,0,0,0,0,,2,0,,0.9226851851851853,2,1.0
2024-01-26,01시,일반배송,2,181300,0,0,,0,0,,0.0,0,
2024-01-26,16시,일반배송,1,20000,0,0,,3,0,,2.238148148148148,1,0.3333333333333333
2024-01-26,10시,일반배송,0,0,0,0,,2,0,,3.406111111111111,0,0.0
2024-01-26,11시,일반배송,0,0,0,0,,2,0,,3.3807465277777777,0,0.0
2024-01-26,17시,일반배송,0,0,5,5,1.0,0,0,,0.0,0,
2024-01-26,18시,일반배송,0,0,0,0,,1,0,,2.160902777777778,0,0.0
2024-01-25,18시,일반배송,1,479000,0,0,,0,0,,0.0,0,
2024-01-25,08시,일반배송,1,49000,0,0,,0,0,,0.0,0,
2024-01-25,12시,일반배송,0,0,7,7,1.0,0,0,,0.0,0,
2024-01-25,13시,일반배송,0,0,0,0,,1,0,,3.000960648148148,0,0.0
2024-01-25,14시,일반배송,0,0,0,0,,1,0,,3.090150462962963,0,0.0
2024-01-25,16시,일반배송,0,0,1,1,1.0,4,0,,2.805885416666667,0,0.0
2024-01-24,21시,일반배송,3,80000,0,0,,0,0,,0.0,0,
2024-01-24,13시,일반배송,1,244000,0,0,,2,0,,3.8571412037037036,0,0.0
2024-01-24,14시,일반배송,1,196000,0,0,,0,0,,0.0,0,
2024-01-24,23시,일반배송,1,219500,0,0,,0,0,,0.0,0,
2024-01-24,09시,일반배송,1,460000,0,0,,0,0,,0.0,0,
2024-01-24,12시,일반배송,0,0,6,6,1.0,0,0,,0.0,0,
2024-01-23,00시,일반배송,2,395500,0,0,,0,0,,0.0,0,
2024-01-23,10시,일반배송,1,49000,0,0,,0,0,,0.0,0,
2024-01-23,09시,일반배송,1,98000,0,0,,0,0,,0.0,0,
2024-01-23,11시,일반배송,0,0,2,1,0.5,0,0,,0.0,0,
2024-01-23,13시,일반배송,0,0,0,0,,1,0,,1.5575578703703703,1,1.0
2024-01-23,16시,일반배송,0,0,0,0,,2,0,,1.6924421296296297,2,1.0
2024-01-22,21시,일반배송,3,87000,3,3,1.0,0,0,,0.0,0,
2024-01-22,18시,일반배송,2,414500,0,0,,0,0,,0.0,0,
2024-01-22,11시,일반배송,1,343000,0,0,,0,0,,0.0,0,
2024-01-22,13시,일반배송,1,45000,0,0,,0,0,,0.0,0,
2024-01-22,10시,일반배송,0,0,0,0,,1,0,,0.9506018518518519,1,1.0
2024-01-21,18시,일반배송,1,26000,0,0,,0,0,,0.0,0,
2024-01-21,22시,일반배송,1,20000,0,0,,0,0,,0.0,0,
2024-01-20,21시,일반배송,2,33500,0,0,,0,0,,0.0,0,
2024-01-20,22시,일반배송,1,72500,0,0,,0,0,,0.0,0,
2024-01-20,11시,일반배송,0,0,0,0,,1,0,,1.2496759259259258,1,1.0
2024-01-19,11시,일반배송,1,107800,0,0,,1,0,,0.9083564814814814,1,1.0
2024-01-19,20시,일반배송,1,2114000,0,0,,0,0,,0.0,0,
2024-01-19,15시,일반배송,0,0,1,1,1.0,0,0,,0.0,0,
2024-01-19,16시,일반배송,0,0,1,1,1.0,0,0,,0.0,0,
2024-01-18,13시,일반배송,1,33300,0,0,,0,0,,0.0,0,
2024-01-18,18시,일반배송,1,479000,0,0,,0,0,,0.0,0,
2024-01-18,15시,일반배송,0,0,0,0,,1,0,,0.9699074074074074,1,1.0
2024-01-18,16시,일반배송,0,0,1,1,1.0,0,0,,0.0,0,
2024-01-17,13시,일반배송,1,32000,0,0,,0,0,,0.0,0,
2024-01-17,16시,일반배송,1,20000,0,0,,0,0,,0.0,0,
2024-01-17,11시,일반배송,0,0,0,0,,2,0,,1.79875,2,1.0
2024-01-17,19시,일반배송,0,0,1,1,1.0,0,0,,0.0,0,
2024-01-16,13시,일반배송,0,0,0,0,,2,0,,1.7785243055555557,1,0.5
2024-01-16,14시,일반배송,0,0,2,2,1.0,1,0,,1.2462384259259258,1,1.0
2024-01-16,16시,일반배송,0,0,0,0,,1,0,,1.3083217592592593,1,1.0
2024-01-16,18시,일반배송,0,0,0,0,,1,0,,1.3324074074074075,1,1.0
2024-01-15,16시,일반배송,5,348000,0,0,,0,0,,0.0,0,
2024-01-15,10시,일반배송,1,14000,0,0,,0,0,,0.0,0,
2024-01-15,08시,일반배송,1,93100,0,0,,0,0,,0.0,0,
2024-01-15,09시,일반배송,1,73500,0,0,,0,0,,0.0,0,
2024-01-15,13시,일반배송,0,0,1,1,1.0,0,0,,0.0,0,
2024-01-15,18시,일반배송,0,0,4,4,1.0,0,0,,0.0,0,
2024-01-14,03시,일반배송,1,98000,0,0,,0,0,,0.0,0,
2024-01-14,08시,일반배송,1,147000,0,0,,0,0,,0.0,0,
2024-01-13,11시,일반배송,0,0,0,0,,2,0,,1.6948842592592592,2,1.0
2024-01-13,15시,일반배송,0,0,0,0,,1,0,,1.0396064814814816,1,1.0
2024-01-13,16시,일반배송,0,0,0,0,,1,0,,2.4213773148148148,0,0.0
2024-01-12,13시,일반배송,1,48000,0,0,,0,0,,0.0,0,
2024-01-12,15시,일반배송,0,0,0,0,,1,0,,1.8105555555555555,1,1.0
2024-01-12,16시,일반배송,0,0,0,0,,1,0,,1.9455555555555557,1,1.0
2024-01-12,17시,일반배송,0,0,4,4,1.0,0,0,,0.0,0,
2024-01-12,18시,일반배송,0,0,0,0,,1,0,,1.1702314814814814,1,1.0
2024-01-12,08시,일반배송,0,0,0,0,,1,0,,2.521261574074074,0,0.0
2024-01-11,12시,일반배송,1,391000,0,0,,0,0,,0.0,0,
2024-01-11,14시,일반배송,1,21000,0,0,,0,0,,0.0,0,
2024-01-11,01시,일반배송,1,318500,0,0,,0,0,,0.0,0,
2024-01-11,23시,일반배송,1,155800,0,0,,1,0,,2.1746412037037035,0,0.0
2024-01-11,10시,일반배송,0,0,0,0,,1,0,,2.7428819444444446,0,0.0
2024-01-11,16시,일반배송,0,0,3,3,1.0,0,0,,0.0,0,
2024-01-11,18시,일반배송,0,0,0,0,,1,0,,3.170393518518518,0,0.0
2024-01-10,13시,일반배송,1,294000,0,0,,0,0,,0.0,0,
2024-01-10,17시,일반배송,1,68600,3,3,1.0,1,0,,1.238125,1,1.0
2024-01-10,20시,일반배송,1,48000,0,0,,0,0,,0.0,0,
2024-01-10,16시,일반배송,0,0,0,0,,3,0,,1.8086959876543212,2,0.6666666666666666
2024-01-10,08시,일반배송,0,0,0,0,,2,0,,2.3441203703703706,0,0.0
2024-01-09,11시,일반배송,1,14000,0,0,,0,0,,0.0,0,
2024-01-09,18시,일반배송,1,58800,5,5,1.0,1,0,,2.0056249999999998,0,0.0
2024-01-09,19시,일반배송,1,1186500,0,0,,1,0,,1.3778703703703703,1,1.0
2024-01-09,09시,일반배송,1,196000,0,0,,0,0,,0.0,0,
2024-01-09,13시,일반배송,0,0,0,0,,1,0,,1.1168981481481481,1,1.0
2024-01-09,16시,일반배송,0,0,0,0,,1,0,,1.6797569444444445,1,1.0
2024-01-08,10시,일반배송,3,120000,0,0,,0,0,,0.0,0,
2024-01-08,12시,일반배송,1,78400,0,0,,0,0,,0.0,0,
2024-01-08,14시,일반배송,1,245000,3,3,1.0,0,0,,0.0,0,
2024-01-08,16시,일반배송,1,200900,0,0,,0,0,,0.0,0,
2024-01-08,17시,일반배송,1,44100,3,3,1.0,0,0,,0.0,0,
2024-01-06,16시,일반배송,2,10300,0,0,,0,0,,0.0,0,
2024-01-06,13시,일반배송,1,100000,0,0,,0,0,,0.0,0,
2024-01-05,18시,일반배송,1,32000,0,0,,0,0,,0.0,0,
2024-01-05,16시,일반배송,0,0,0,0,,1,0,,1.6085069444444444,1,1.0
2024-01-04,01시,일반배송,1,20000,0,0,,0,0,,0.0,0,
2024-01-04,11시,일반배송,0,0,0,0,,2,0,,1.0043171296296296,2,1.0
2024-01-04,13시,일반배송,0,0,1,1,1.0,0,0,,0.0,0,
2024-01-03,11시,일반배송,2,93100,0,0,,0,0,,0.0,0,
2024-01-03,22시,일반배송,1,768000,0,0,,0,0,,0.0,0,
2024-01-03,15시,일반배송,0,0,2,2,1.0,0,0,,0.0,0,
2024-01-03,18시,일반배송,0,0,0,0,,1,0,,2.227222222222222,0,0.0
2024-01-02,15시,일반배송,0,0,1,1,1.0,0,0,,0.0,0,
